item_nbr,total_sales,family
96995,121,GROCERY I
99197,353,GROCERY I
103501,2629,CLEANING
103520,3394,GROCERY I
103665,3809,BREAD/BAKERY
105574,8803,GROCERY I
105575,13996,GROCERY I
105576,9203,GROCERY I
105577,2893,GROCERY I
105693,2500,GROCERY I
105737,3667,GROCERY I
105857,5321,GROCERY I
106716,7848,GROCERY I
108079,1917,GROCERY I
108634,942,GROCERY I
108696,4741,DELI
108698,3000,DELI
108701,3687,DELI
108786,10513,CLEANING
108797,6503,GROCERY I
108831,13606.512,POULTRY
108833,1636,EGGS
108862,1205,GROCERY I
108952,3953,CLEANING
111223,15254,GROCERY I
111397,8483,GROCERY I
112830,3096,GROCERY I
114778,4337,GROCERY I
114790,16492,GROCERY I
114799,5628,PERSONAL CARE
114800,7406,PERSONAL CARE
115267,8494,CLEANING
115611,20530,GROCERY I
115693,4770,GROCERY I
115720,8516,GROCERY I
115847,404,LINGERIE
115850,13144,GROCERY I
115891,4413,GROCERY I
115892,15143,GROCERY I
115893,13402,GROCERY I
115894,21201,GROCERY I
116017,23057,GROCERY I
116018,9016,GROCERY I
116279,2097,GROCERY I
116311,846,CLEANING
119023,2702,CLEANING
119024,4709,CLEANING
119026,9770,CLEANING
119141,7004,GROCERY I
119187,3474,CLEANING
119191,3084,CLEANING
119193,2472,CLEANING
119624,9143,BEVERAGES
121964,761,AUTOMOTIVE
122095,2529,DAIRY
122418,3437,GROCERY I
122419,2843,GROCERY I
122425,3453,CLEANING
123347,5587,DAIRY
123601,12477,GROCERY I
123602,2540,GROCERY I
123927,894,GROCERY I
125430,7325,GROCERY I
127534,2151,GROCERY I
127547,4513,EGGS
129296,5065,GROCERY I
129297,5510,GROCERY I
129635,13337,DAIRY
129758,5788,GROCERY I
129759,1776,GROCERY I
153078,3082,CLEANING
153239,6007,BREAD/BAKERY
153267,14675,GROCERY I
153395,4401,BREAD/BAKERY
153398,5606,BREAD/BAKERY
155499,3948,GROCERY I
155500,16868,GROCERY I
155600,4713,GROCERY I
155601,2703,GROCERY I
155607,2370,GROCERY I
155610,4198,GROCERY I
155621,2426,GROCERY I
155625,2132,GROCERY I
157956,2503,GROCERY I
158680,4631,EGGS
158788,5913,CLEANING
158789,6693,CLEANING
158842,4230,DAIRY
158875,3851,GROCERY I
158956,8143,CLEANING
159156,31781.0826,POULTRY
159242,5827,CLEANING
161288,2531,GROCERY I
162066,9694,GROCERY I
164036,5607,GROCERY I
164037,4771,GROCERY I
164088,5102,DAIRY
164647,15759,CLEANING
165550,8561,BEVERAGES
165551,7041,BEVERAGES
165553,3939,BEVERAGES
165594,20969,GROCERY I
165693,10630,GROCERY I
165704,13197,GROCERY I
165705,4024,GROCERY I
165718,10148,BREAD/BAKERY
165727,2098,GROCERY I
165988,11531,GROCERY I
167437,3807,GROCERY II
168927,17613,CLEANING
168930,11541,CLEANING
168931,3417,CLEANING
168989,3274,GROCERY I
169028,3641,GROCERY I
169101,1258,CLEANING
169104,353,CLEANING
170791,6675,GROCERY I
171890,3326,CLEANING
172184,4755,GROCERY I
172343,10291,GROCERY I
172995,874,AUTOMOTIVE
173111,6363,GROCERY I
173113,1815,DAIRY
174081,4549,BEVERAGES
176411,568,CLEANING
177050,670,LINGERIE
177395,5567,GROCERY I
179274,5518,GROCERY I
179564,833,GROCERY I
179579,1747,GROCERY I
179600,887,GROCERY I
179615,7200,DAIRY
205209,2815.7691,MEATS
205381,2278,GROCERY I
205387,8626,GROCERY I
205486,3083,DAIRY
205557,1212,GROCERY I
207857,6745,GROCERY I
208384,20874,EGGS
208386,4811,EGGS
208426,3181,DELI
208498,4528,CLEANING
208514,7964,GROCERY I
208530,11875.245,FROZEN FOODS
208539,2836.632,POULTRY
208659,3634,GROCERY I
208699,2463,GROCERY I
209085,5258,CLEANING
210520,501,GROCERY II
210798,5189,GROCERY I
211203,15454,GROCERY I
211205,6503,GROCERY I
211206,3287,GROCERY I
211999,2493,GROCERY I
212550,2630,GROCERY I
212552,5594,GROCERY I
213066,4858,GROCERY I
213652,8466,GROCERY I
213653,3427,GROCERY I
213788,7373,GROCERY I
214381,11376,CLEANING
214859,9570,CLEANING
214860,5006,CLEANING
214862,5459,CLEANING
215303,6240,GROCERY I
215304,3659,GROCERY I
215327,7753,GROCERY I
215331,16904,GROCERY I
215332,6257,GROCERY I
215352,32917,GROCERY I
215356,5014,GROCERY I
215370,6274,BREAD/BAKERY
215468,857,LINGERIE
215896,10527,GROCERY I
217827,2753,GROCERY I
218726,884,CLEANING
218728,2523,CLEANING
219147,5542,BEVERAGES
219150,24336,BEVERAGES
219152,5335,BEVERAGES
220432,8745,GROCERY I
220435,33963,GROCERY I
220613,2916,DELI
221506,4551,CLEANING
222879,25517,GROCERY I
222975,5501,GROCERY I
223068,2311,GROCERY I
223136,19930,GROCERY I
223434,10468,GROCERY I
223463,2308,GROCERY I
224081,3663,CLEANING
226126,5125,CLEANING
226857,4982,GROCERY I
227111,3796,EGGS
227728,2081,DAIRY
229368,3665,GROCERY I
246052,3116,GROCERY I
250782,696,HOME APPLIANCES
252698,3067.4343,SEAFOOD
252970,4866,CLEANING
252972,4972,CLEANING
253103,2457,BREAD/BAKERY
253145,3316,GROCERY I
255161,4881,GROCERY I
255198,2349,GROCERY I
255199,3428,GROCERY I
255202,2278,GROCERY I
257847,28970,BEVERAGES
257848,4781,BEVERAGES
258268,8229,EGGS
258376,12881,CLEANING
258395,2852,GROCERY I
258396,14375,GROCERY I
258411,5065,FROZEN FOODS
258537,3037,CLEANING
260628,8893,BREAD/BAKERY
260669,3681,GROCERY I
260893,2421,GROCERY I
261052,38659,GROCERY I
261053,18293,GROCERY I
261700,11910,GROCERY I
262358,2831,GROCERY I
262991,8120,GROCERY I
263583,2601,GROCERY I
264299,16309,CLEANING
264300,2415,CLEANING
264305,15889,PERSONAL CARE
264452,5507,CLEANING
264576,2676,FROZEN FOODS
264751,2712,CLEANING
264752,4405,CLEANING
264753,4525,CLEANING
265086,7888,BEVERAGES
265237,8244,GROCERY I
265254,25432,GROCERY I
265257,9975,GROCERY I
265258,3211,GROCERY I
265266,6117,PREPARED FOODS
265279,16612,BREAD/BAKERY
265382,609,LINGERIE
265559,70180,GROCERY I
265672,2290,GROCERY I
265700,3026,CLEANING
268440,5740,CLEANING
268443,9457,CLEANING
268446,3499,CLEANING
268623,3715,CLEANING
268662,3294,GROCERY I
268664,10522,GROCERY I
268676,6879,GROCERY I
268834,8476,GROCERY I
269029,13947,BEVERAGES
269036,9411,BEVERAGES
269084,3937,BREAD/BAKERY
269286,3536,CLEANING
269287,5414,CLEANING
270522,929,AUTOMOTIVE
271478,2336,DAIRY
271479,6247,DAIRY
273528,34025,PERSONAL CARE
273859,2928,GROCERY I
275823,7398,CLEANING
275826,2568,CLEANING
276560,493,GROCERY I
278806,1778,GROCERY I
279125,1562,GROCERY I
279137,2069,GROCERY I
279157,3288,DAIRY
279494,2266,GROCERY I
302824,1647,CLEANING
302952,5663,BREAD/BAKERY
302995,847,GROCERY I
302997,4800,GROCERY I
302998,4960,GROCERY I
305074,1671,GROCERY I
305079,5297,GROCERY I
305080,29673,GROCERY I
305081,3775,GROCERY I
305227,7926,GROCERY I
305229,21660,GROCERY I
305234,2357,GROCERY I
305237,2237,GROCERY I
305341,4185,GROCERY I
305344,4702,GROCERY I
305345,3477,GROCERY I
307740,400,CLEANING
308085,4218,BEVERAGES
308726,4909,GROCERY I
308766,2311,CLEANING
308916,2524,CLEANING
308924,3037,CLEANING
310644,13045,BREAD/BAKERY
310647,2650,BREAD/BAKERY
310671,11216,GROCERY I
310790,2327,GROCERY I
311954,4111,CLEANING
311994,18170.599,BREAD/BAKERY
312113,3344,BREAD/BAKERY
312317,495,AUTOMOTIVE
312324,3341,GROCERY I
312596,413,GROCERY I
313641,4615,GROCERY I
314384,60029,GROCERY I
314393,14830,CLEANING
314570,7925,CLEANING
314879,3282,CLEANING
314880,5093,CLEANING
314881,3471,CLEANING
315176,35253,BEVERAGES
315178,10439,BEVERAGES
315179,12086,BEVERAGES
315180,12963,BEVERAGES
315220,15543,GROCERY I
315221,12216,GROCERY I
315277,20975,GROCERY I
315279,6236,GROCERY I
315320,3341,GROCERY I
315322,7854,GROCERY I
315460,10755,GROCERY I
315463,6630,GROCERY II
315473,3737,BREAD/BAKERY
315474,14119,BREAD/BAKERY
315712,8843,GROCERY I
315713,2257,GROCERY I
315753,403,GROCERY I
317147,236,CLEANING
317285,4717,GROCERY II
318787,5104,GROCERY I
318847,4440,CLEANING
318932,6916,DELI
318935,4199,DELI
319093,10919,DELI
319094,3618,DELI
319095,4426,DELI
319272,3395,BEVERAGES
320681,4975,GROCERY I
320682,47398,GROCERY I
321798,1916,CLEANING
322094,5150,CLEANING
322095,5198,CLEANING
323013,20328,GROCERY I
323217,602,GROCERY I
323227,1865,GROCERY I
323921,12607,PERSONAL CARE
324206,1082,CLEANING
326951,6595,GROCERY I
329070,2678,GROCERY I
329071,5450,GROCERY I
329361,666,GROCERY I
329362,7987,GROCERY I
329364,3203,GROCERY I
329365,1699,GROCERY I
329397,5434,DAIRY
346065,10130,GROCERY I
346066,2428,GROCERY I
346406,840,GROCERY I
352513,7194,CLEANING
354918,1462,GROCERY I
354919,5587,GROCERY I
354922,2674,GROCERY I
354964,5738,GROCERY I
354971,2574,GROCERY I
355090,5828,GROCERY I
355091,5476,GROCERY I
357961,5318,EGGS
357962,7585,EGGS
357963,3311,EGGS
357996,3393,DELI
358096,3165,GROCERY I
358100,5219,GROCERY I
358134,3391,DAIRY
358231,13936,CLEANING
358232,6359,CLEANING
358264,4890,GROCERY I
358272,5892,DAIRY
358515,4392,GROCERY I
358519,3462,GROCERY I
358561,3224,CLEANING
358564,878,CLEANING
359913,3577,BREAD/BAKERY
360313,5348,BREAD/BAKERY
360314,8601,BREAD/BAKERY
360703,5592,GROCERY I
360704,5155,GROCERY I
360705,3185,GROCERY I
361502,5477,GROCERY I
362035,2519,GROCERY I
362548,12215,GROCERY I
363049,3572,PERSONAL CARE
363868,6643,GROCERY I
363889,3875,GROCERY I
363895,5650,CLEANING
364413,7406,CLEANING
364606,71236,GROCERY I
364724,13227,GROCERY I
364738,52745,BEVERAGES
364829,4248,GROCERY I
364832,10267,GROCERY I
364834,5452,GROCERY I
364865,12589,GROCERY II
365138,3917,GROCERY I
365139,5752,GROCERY I
365140,8435,GROCERY I
365264,4479,CLEANING
368136,13106,GROCERY I
368139,4066,GROCERY I
368140,10619,GROCERY I
368213,5136,DAIRY
368260,12435,GROCERY I
368270,2305,GROCERY I
368419,4604,DELI
368424,3067,GROCERY I
368624,5670,BEVERAGES
368628,11757,BEVERAGES
369432,2201,GROCERY I
370042,12319,GROCERY I
371130,8511,CLEANING
371218,2419,DAIRY
371434,3177,GROCERY I
371437,5772,CLEANING
371438,7442,CLEANING
372369,3228,DAIRY
372480,3291,GROCERY I
372924,6662,GROCERY I
372937,562,GROCERY I
373152,6388,PERSONAL CARE
374464,3656,GROCERY I
376194,2636,GROCERY I
376427,5330,EGGS
376483,2809,PREPARED FOODS
377978,2014,"LIQUOR,WINE,BEER"
378330,4825,GROCERY I
378332,2497,GROCERY I
378685,19009,DAIRY
401817,10838,GROCERY I
401911,3212,CLEANING
402136,2516,CLEANING
402174,7086,GROCERY I
402175,4112,GROCERY I
402299,4515,BREAD/BAKERY
404332,1298,GROCERY I
404333,2518,GROCERY I
404334,2539,GROCERY I
404336,6468,GROCERY I
404439,3062,GROCERY I
404442,2029,GROCERY I
404454,2407,GROCERY I
405304,2634,GROCERY I
406965,4067,CLEANING
407499,8411,EGGS
407500,4290,EGGS
407533,2644,DELI
407542,3137,DELI
407552,1896,DELI
407608,4471,CLEANING
407769,6459,CLEANING
409738,9977,BREAD/BAKERY
409739,2764,BREAD/BAKERY
409904,6542,GROCERY I
410150,718,LINGERIE
410257,23971,GROCERY I
410866,8877,PREPARED FOODS
411487,3028,CLEANING
411555,3614,GROCERY I
411557,2173,GROCERY I
413557,1932,GROCERY I
413986,3286,CLEANING
413987,10895,CLEANING
414305,5063,BEVERAGES
414353,33102,GROCERY I
414354,3345,GROCERY I
414421,8279,GROCERY I
414425,4068,GROCERY I
414426,8362,GROCERY I
414454,10616,GROCERY I
414455,6407,GROCERY I
414478,4682,BREAD/BAKERY
414620,12660,GROCERY I
414621,11441,GROCERY I
414623,7786,GROCERY I
414750,31641,GROCERY I
414752,11755,GROCERY I
414888,2873,CLEANING
416252,245,GROCERY I
417763,7197,CLEANING
417765,10537,CLEANING
417835,4377,GROCERY I
418024,2759,DELI
418025,6510,DELI
418026,5043,DELI
418235,20372,BEVERAGES
418238,7188,BEVERAGES
419729,2907,DELI
420720,4234,DAIRY
421066,5170,GROCERY I
422452,5162,GROCERY I
426155,12033,PREPARED FOODS
428054,5018,GROCERY I
428394,295,GROCERY I
428488,2248,CLEANING
437609,175,GROCERY I
452022,2256,GROCERY I
452078,2116,CLEANING
452079,3402,CLEANING
452212,17822,BREAD/BAKERY
454326,4274,GROCERY I
454413,2963,GROCERY I
454414,1932,GROCERY I
454416,4584,GROCERY I
454426,2196,GROCERY I
454589,2716,GROCERY I
454593,1108,GROCERY I
454596,5941,GROCERY I
456870,3423,GROCERY I
456875,2681,CLEANING
457424,10882,EGGS
457425,3298,EGGS
457471,5816,DELI
457556,6159,GROCERY I
457574,17444.171,FROZEN FOODS
457688,7993,CLEANING
457727,3941,DAIRY
457928,35665.5059,POULTRY
458029,3981,CLEANING
459762,5516,BREAD/BAKERY
459801,3705,GROCERY I
459804,7437,GROCERY I
460804,3197,GROCERY I
461432,679,AUTOMOTIVE
461752,243,GROCERY I
462673,2424,GROCERY I
463458,2807,CLEANING
463598,5063,CLEANING
463816,540,CLEANING
463901,6931,CLEANING
463903,5776,CLEANING
464112,290,GROCERY I
464263,8143,GROCERY I
464302,4424,GROCERY I
464333,9158,GROCERY I
464334,5683,GROCERY I
464336,7988,GROCERY I
464339,8918,GROCERY I
464356,4691,GROCERY I
464374,27206,BEVERAGES
464385,4407,BREAD/BAKERY
464536,6194,GROCERY I
464906,2072,GROCERY I
464907,1922,GROCERY I
464940,3006,CLEANING
467808,10644,CLEANING
467887,11763,GROCERY I
468057,4963,DELI
468058,3441,DELI
468265,8035,BEVERAGES
469643,2228,GROCERY I
470624,7323,CLEANING
470625,2823,CLEANING
470760,3035,CLEANING
470762,2618,CLEANING
471980,7830,GROCERY I
471985,5310,DAIRY
472314,3040,GROCERY I
472526,2206,GROCERY I
472645,3172,GROCERY I
472658,5552,GROCERY I
476261,3467,EGGS
476707,1964,DAIRY
479200,544,GROCERY I
502067,3896,GROCERY I
502182,2903,BREAD/BAKERY
502224,836,GROCERY I
502227,6749,GROCERY I
502230,5816,GROCERY I
502331,61183,BREAD/BAKERY
504457,2235,GROCERY I
506717,3121,GROCERY I
507354,2248.031,DELI
507457,4786,FROZEN FOODS
507478,10995,EGGS
507479,4291,EGGS
507641,7259,DAIRY
507867,4300,GROCERY I
507870,8400,GROCERY I
507927,2798,CLEANING
507958,2849.2352,POULTRY
507969,25983.0482,POULTRY
508069,3150,CLEANING
508947,5086,DAIRY
509872,2120,GROCERY I
509877,348,LINGERIE
510052,3402,GROCERY I
510054,22650,GROCERY I
510055,5955,GROCERY I
510057,5785,GROCERY I
511172,2096,BREAD/BAKERY
511394,411,AUTOMOTIVE
511397,1896,GROCERY I
513379,3547,PERSONAL CARE
513853,5864,CLEANING
513855,8113,CLEANING
514144,16671,GROCERY I
514149,3946,GROCERY I
514172,13432,BEVERAGES
514242,10497,GROCERY I
514327,18246,PREPARED FOODS
514444,455,LINGERIE
514445,514,LINGERIE
514446,710,LINGERIE
514597,4956,GROCERY I
514729,2409,GROCERY I
514730,2200,GROCERY I
514757,4061,CLEANING
517615,8764,GROCERY I
517903,3266,DELI
517904,4454,DELI
517905,4156,DELI
517906,4341,DELI
517909,3146.192,DELI
518091,20681,BEVERAGES
518094,11738,BEVERAGES
519560,3812.03089999999,DELI
519718,3792,DELI
521818,5472,GROCERY I
522383,5329,GROCERY I
522721,4205,CLEANING
522941,5662,GROCERY I
523054,545,LINGERIE
525887,3447,GROCERY I
525902,4275,EGGS
527757,2944,GROCERY I
546043,520,CLEANING
551893,1878,CLEANING
552050,2702,BREAD/BAKERY
554047,3602,GROCERY I
554048,3117,GROCERY I
554049,14860,GROCERY I
554143,6010,GROCERY I
554144,2740,GROCERY I
554145,1948,GROCERY I
554152,3084,GROCERY I
556698,4214,BEVERAGES
557241,6881.669,FROZEN FOODS
557256,20029,EGGS
557257,9278,EGGS
557285,5115,DELI
557286,3014,DELI
557289,2392,DELI
557305,5031,DELI
557408,9445,DAIRY
557420,12622,PREPARED FOODS
557810,5071,GROCERY I
558730,4240,DAIRY
559044,3327,BREAD/BAKERY
559493,9667,BREAD/BAKERY
559494,6622,BREAD/BAKERY
559680,2903,GROCERY I
559682,2164,GROCERY I
559870,59150,GROCERY I
559872,4858,GROCERY I
559873,11509,GROCERY I
562568,4318,GROCERY I
563654,3910,CLEANING
563966,7728,BEVERAGES
564110,10987,GROCERY I
564272,6178,GROCERY I
564274,7750,GROCERY I
564287,28695,BREAD/BAKERY
564288,8556,BREAD/BAKERY
564533,39743,GROCERY I
564534,16598,GROCERY I
567517,2664,CLEANING
567579,3964,GROCERY I
567588,11277,GROCERY I
567623,19159,GROCERY I
567644,3990,GROCERY I
567750,7184,GROCERY I
567778,4379,DELI
567779,4539,DELI
567781,3004,DELI
567787,3055,GROCERY I
568133,3842,BEVERAGES
570869,484,GROCERY I
570870,383,GROCERY I
570917,5865,GROCERY I
570922,2972,CLEANING
572838,5757,CLEANING
573832,7010,GROCERY I
574898,5144,CLEANING
575630,3166,GROCERY I
575675,5039,GROCERY I
575863,4434,GROCERY I
575875,3334,EGGS
575876,3590,EGGS
577740,4065,GROCERY I
577741,10590,GROCERY I
577743,3703,GROCERY I
577745,3469,GROCERY I
578097,13485,DAIRY
578467,2605,GROCERY I
579759,4715,GROCERY I
580929,5513,GROCERY I
581078,21510,CLEANING
581742,5254,GROCERY I
582863,18636.24,MEATS
582864,37474.421,MEATS
582865,16730.1328,MEATS
583795,6888.7376,MEATS
583797,5318.9229,MEATS
583799,6576.1563,MEATS
583868,5091.245,MEATS
583925,3665.3159,MEATS
583927,3205.409,MEATS
583931,5985.6713,MEATS
583968,3655.9892,MEATS
583973,4016.1077,MEATS
583975,3833.9359,MEATS
583977,2496.9396,MEATS
583978,2366.0385,MEATS
583985,14170.5586,MEATS
584026,3071.212,MEATS
584027,3957.8507,MEATS
584028,53315.316,MEATS
584030,2655.6489,MEATS
584032,5575.4009,MEATS
584076,4339.0504,MEATS
584077,2791.0817,MEATS
584078,7893.4954,MEATS
584099,4999.6432,MEATS
584101,1825.6221,MEATS
584103,2846.4209,MEATS
584123,1875.34,MEATS
584125,1920.8726,MEATS
584126,45391.3803,MEATS
584129,2046.703,MEATS
584188,2677.6306,MEATS
584246,3067.6171,MEATS
586423,2561,GROCERY I
586823,4111,CLEANING
586824,1217,CLEANING
586911,2697,PERSONAL CARE
586967,200,PERSONAL CARE
586969,4627,GROCERY I
587069,15184,GROCERY I
587104,2659.8028,MEATS
587156,3408,CLEANING
587157,23772.75,MEATS
587186,6796,CLEANING
589403,2063,SEAFOOD
592801,3671,DAIRY
592942,1727,GROCERY I
594045,4826,BREAD/BAKERY
598414,5033,GROCERY I
598492,2478,GROCERY I
603255,3323,GROCERY I
608035,3670,CLEANING
617092,3689,EGGS
617096,3674,EGGS
617103,4663,EGGS
617113,1513,EGGS
617548,1551,PERSONAL CARE
617763,1125,BEAUTY
619965,2806,DELI
619969,5139,GROCERY I
621300,25494,GROCERY I
622958,4881,GROCERY I
623316,11073.48,MEATS
623317,3822.2664,MEATS
623330,137,GROCERY I
627263,10365,GROCERY I
627885,2146,GROCERY I
627887,2211,GROCERY I
633735,4778.1733,MEATS
633977,2391.1603,MEATS
633996,2838.8986,MEATS
633997,5062.8788,MEATS
634008,2017.8951,MEATS
634009,5057.7377,MEATS
634010,4093.4598,MEATS
634014,6173.59060000001,MEATS
634015,3254.5821,MEATS
634054,2279.3458,MEATS
636846,679,GROCERY I
637016,3757,GROCERY I
638240,2732,CLEANING
638296,1556,GROCERY I
638308,2355,GROCERY I
638327,144,GROCERY I
638977,19607,GROCERY I
638978,2794,GROCERY I
639586,8225,GROCERY I
640286,325,"LIQUOR,WINE,BEER"
641042,13366,GROCERY I
641627,129,GROCERY I
645294,3241,GROCERY I
648313,8108,CLEANING
651326,3877,GROCERY I
651523,6183,GROCERY I
651525,6599,GROCERY I
655427,6307,CLEANING
655744,569,LINGERIE
655749,915,GROCERY I
655840,533,LINGERIE
657869,5888,GROCERY I
658608,2509,CLEANING
658609,3031,CLEANING
660310,1662,BREAD/BAKERY
660311,2816,BREAD/BAKERY
660312,9546,BREAD/BAKERY
660318,850,BREAD/BAKERY
660319,6684,BREAD/BAKERY
660320,3965,BREAD/BAKERY
660321,2375,BREAD/BAKERY
660323,5707,BREAD/BAKERY
660502,5695,GROCERY I
660503,3673,DAIRY
661582,274,"LIQUOR,WINE,BEER"
663084,9568,GROCERY I
664537,2166,GROCERY I
664539,4283,PERSONAL CARE
664543,8390,PERSONAL CARE
664545,4956,PERSONAL CARE
668752,5697,CLEANING
668753,2154,CLEANING
668754,2563,CLEANING
671039,16815,BEVERAGES
671051,2984,DELI
671055,1985,DELI
671062,3964,DELI
671066,1290,DELI
671067,2147,DELI
671068,2102,DELI
671076,3223,DELI
671079,2766,DELI
671083,6094,DELI
671084,3306,DELI
671684,2425,DELI
671699,1767.685,DELI
671706,2475.679,DELI
671708,2430.017,DELI
671908,2255,DELI
673306,2546,GROCERY I
673415,2488,DELI
673496,177,BEAUTY
675524,4552,PREPARED FOODS
679442,4170,BEVERAGES
679602,2815,BREAD/BAKERY
679603,3066,BREAD/BAKERY
679604,3934,BREAD/BAKERY
679926,4739,EGGS
681606,4995,DAIRY
682321,838,CLEANING
682884,2477,CLEANING
683720,3051,GROCERY I
683721,4684,GROCERY I
683722,2412,GROCERY I
683723,3799,GROCERY I
686034,1644,BEVERAGES
686035,1906,BEVERAGES
686036,3401,CLEANING
687549,2452,GROCERY I
688279,227,"LIQUOR,WINE,BEER"
691945,3191,CLEANING
692104,5317,CLEANING
692105,2874,CLEANING
692106,730,CLEANING
692531,11610,GROCERY I
692537,10225,GROCERY I
695758,5551.0241,SEAFOOD
696183,5983,BREAD/BAKERY
698642,2541,GROCERY I
698643,5415,GROCERY I
699686,9764.7867,MEATS
699687,9805.8172,MEATS
699688,1811.6612,MEATS
699689,1625.2113,MEATS
699692,4001.5112,MEATS
699693,3980.0192,MEATS
699703,13796.6887,MEATS
699745,5449.678,SEAFOOD
700607,2636,GROCERY I
700609,4358,FROZEN FOODS
700610,3140,FROZEN FOODS
716241,2122,CLEANING
716242,3271,CLEANING
716245,1845,CLEANING
716250,15177,BEVERAGES
716958,396,BEAUTY
723184,9948,DAIRY
723210,3131,DAIRY
724003,3797,GROCERY I
724359,4743,PREPARED FOODS
724360,3681,BREAD/BAKERY
724403,3410,BREAD/BAKERY
724498,14264,GROCERY I
729337,427,GROCERY I
730258,15132,BEVERAGES
730259,11613,BEVERAGES
732006,4809,DELI
732007,3341,DELI
736128,5148,BREAD/BAKERY
738219,6374,CLEANING
740713,2868,CLEANING
740714,4984,CLEANING
740722,5938,CLEANING
740723,3124,CLEANING
740726,3521,GROCERY I
740728,4569,GROCERY I
740729,6291,GROCERY I
741201,8899,SEAFOOD
741922,388,GROCERY I
742735,3542,PERSONAL CARE
742738,4268,PERSONAL CARE
743494,2476,CLEANING
743496,3377,FROZEN FOODS
743497,3513,FROZEN FOODS
749421,13942,GROCERY I
749720,2786,GROCERY I
749729,2899,GROCERY I
750855,3010,GROCERY I
750856,3737,GROCERY I
750857,2078,GROCERY I
751759,2448,CLEANING
752167,1646,GROCERY I
752987,4608,DAIRY
754103,3733,GROCERY I
757880,3829,GROCERY I
757888,9924,CLEANING
757889,7086,CLEANING
758861,2609,DAIRY
759651,4765,PERSONAL CARE
759657,1983,LINGERIE
759694,7177,GROCERY I
759697,4341,BEVERAGES
759698,3581,BEVERAGES
759890,2730,CLEANING
759893,20063,CLEANING
759894,4800,PERSONAL CARE
760319,10703.216,POULTRY
762405,2052,CLEANING
764438,9868,GROCERY I
764439,7945,GROCERY I
765092,3849.8924,POULTRY
765517,5019,GROCERY I
765518,2908,GROCERY I
765519,3353,GROCERY I
765520,2476,GROCERY I
767183,3259,GROCERY I
767184,1498,GROCERY I
769312,7699,CLEANING
769314,6413,CLEANING
770447,1966,GROCERY I
770449,13445,GROCERY I
770453,3210,GROCERY I
770456,6146,GROCERY I
770461,1512,GROCERY I
770463,5906,BEVERAGES
770511,1643,GROCERY I
771156,5485,CLEANING
771157,3954,CLEANING
776057,325,GROCERY I
776622,236,GROCERY II
779122,657,GROCERY II
781794,8557,FROZEN FOODS
781796,12594,FROZEN FOODS
781797,6900,FROZEN FOODS
781798,4391,FROZEN FOODS
781936,972.829,MEATS
783243,9824,GROCERY I
787426,3164,CLEANING
788172,2105,CLEANING
788708,2473.141,FROZEN FOODS
789223,3549,CLEANING
789224,9361,CLEANING
789904,7193,DAIRY
789905,8828,DAIRY
789906,2975,DAIRY
789907,3475,DAIRY
793341,2220,CLEANING
793345,3328,PERSONAL CARE
793346,3352,PERSONAL CARE
794245,2200,GROCERY I
795610,6896,FROZEN FOODS
795611,2712,FROZEN FOODS
795612,3326,FROZEN FOODS
796394,4520,CLEANING
796395,4520,CLEANING
796396,6975,CLEANING
799461,2252,GROCERY I
800958,1801,CLEANING
801217,9595,CLEANING
801934,4217,CLEANING
802831,10094,GROCERY I
802832,9009,GROCERY I
802833,9860,GROCERY I
803101,2265,CLEANING
804098,1961,SEAFOOD
804503,9561,GROCERY I
804932,8411,BEVERAGES
804974,12716,GROCERY I
805310,10667,BEVERAGES
805311,4952,BEVERAGES
805321,4930,GROCERY I
805788,1764,GROCERY I
807493,72377,BEVERAGES
807495,6245,BEVERAGES
809183,2336,DAIRY
809184,2182,DAIRY
809882,7286,BREAD/BAKERY
812716,2218,"LIQUOR,WINE,BEER"
812725,4258,CLEANING
812726,4738,CLEANING
812728,349,"LIQUOR,WINE,BEER"
812735,3456,GROCERY I
812751,16089,"LIQUOR,WINE,BEER"
812757,8056,"LIQUOR,WINE,BEER"
812769,7119,"LIQUOR,WINE,BEER"
813167,4085,FROZEN FOODS
813760,2880,GROCERY I
813769,4441,PREPARED FOODS
813770,5838,PREPARED FOODS
816606,4392,PERSONAL CARE
816679,3805.9964,MEATS
818588,390,HARDWARE
818590,633,HARDWARE
819194,2970,GROCERY I
819195,3496,GROCERY I
819206,3038.3229,MEATS
819209,7131.38730000001,MEATS
819227,3563.674,MEATS
819228,6172.8783,MEATS
819230,4323.168,MEATS
819231,2855.0115,MEATS
819932,72834,BEVERAGES
819933,4582,BEVERAGES
819934,18270,BEVERAGES
820003,1668.3754,MEATS
820006,3223.3266,MEATS
820500,412,HARDWARE
820645,2872,GROCERY I
821186,3556,BEVERAGES
823245,6970,BREAD/BAKERY
827911,3464,GROCERY I
828204,11888,GROCERY I
828630,19153,DELI
828632,4825,DELI
829389,3637,GROCERY I
829414,1947,CLEANING
829658,2174,GROCERY I
830624,5076,CLEANING
830625,7367,CLEANING
830749,2372,GROCERY I
830797,5118,GROCERY I
830806,2525,BREAD/BAKERY
830829,5994,GROCERY I
833395,2668,PERSONAL CARE
833396,4114,PERSONAL CARE
833644,1608,GROCERY I
838215,14698,DAIRY
838216,19291,DAIRY
838217,6062,DAIRY
838400,4620,DAIRY
838406,6627,DAIRY
838407,8295,DAIRY
838408,9518,DAIRY
838409,5798,DAIRY
838412,3548,DAIRY
838413,3096,DAIRY
838415,3591,DAIRY
838832,3530,GROCERY I
838842,3060,GROCERY I
838844,3103,GROCERY I
838875,3291,GROCERY I
839362,47842,BEVERAGES
839363,22553,BEVERAGES
839364,5854,BEVERAGES
839367,5354,BEVERAGES
839544,2870,DAIRY
839545,5024,DAIRY
841197,10991,BREAD/BAKERY
841514,8551,GROCERY I
841570,5411,GROCERY I
841583,4452,GROCERY I
841607,3585,CLEANING
841612,9556,CLEANING
841614,5386,CLEANING
841667,6474,DAIRY
841841,10298,GROCERY I
841842,30215,GROCERY I
843411,2666,PERSONAL CARE
843459,2176,GROCERY I
843462,4837,DELI
843585,14317,GROCERY I
843589,1506,PERSONAL CARE
843607,2548,GROCERY I
843608,2173,GROCERY I
843609,2781,GROCERY I
843610,2789,GROCERY I
844017,7075,DELI
844019,3166.2214,DELI
844793,1487,CLEANING
844795,1388,CLEANING
846163,2086,LAWN AND GARDEN
846565,2661,CLEANING
847569,1283,GROCERY I
847575,474,GROCERY I
847859,15819,BEVERAGES
847863,16607,GROCERY I
847894,5978,BREAD/BAKERY
848765,11116,GROCERY I
848953,1803,CLEANING
849080,3475,DAIRY
849095,2295,DAIRY
849098,4973,DAIRY
849135,1392,DAIRY
849136,1505,DAIRY
849139,2097,DAIRY
849142,6588,DAIRY
849312,4517,DAIRY
849941,4975.2545,MEATS
850333,13004,GROCERY I
850334,3969,GROCERY I
850388,4581.91,FROZEN FOODS
850389,1253.237,FROZEN FOODS
850460,10756,GROCERY I
850542,345,CLEANING
850545,222,CLEANING
851982,5739,PERSONAL CARE
852110,17008,CLEANING
852620,4263,CLEANING
852934,2484,FROZEN FOODS
852937,2294,FROZEN FOODS
852938,2894,FROZEN FOODS
853195,4865,CLEANING
853196,2425,CLEANING
856687,10203,GROCERY I
856688,5321,GROCERY I
857324,2695,BREAD/BAKERY
857327,1929,BREAD/BAKERY
857331,2288,BREAD/BAKERY
857332,2928,BREAD/BAKERY
858872,4266,BREAD/BAKERY
859529,518,GROCERY I
859932,2733,CLEANING
859966,8120,DAIRY
860548,3635,DAIRY
860549,3168,DAIRY
862213,3554,DAIRY
862454,23059,GROCERY I
864288,245,CLEANING
864290,5672,PREPARED FOODS
864508,7904,GROCERY I
864510,10657,GROCERY I
864511,4421,GROCERY I
865147,5465,PERSONAL CARE
865155,2180,GROCERY I
866927,21191,DELI
867850,4125,CLEANING
868529,14944,GROCERY I
869837,169,GROCERY I
870544,10400,PERSONAL CARE
870545,8584,PERSONAL CARE
870546,5798,PERSONAL CARE
870938,3911,DAIRY
871118,2674.096,DELI
871421,5194,BEVERAGES
871511,4462,BREAD/BAKERY
871512,2472,BREAD/BAKERY
871513,8225,BREAD/BAKERY
871514,4533,BREAD/BAKERY
871600,5579,GROCERY I
872306,4504,GROCERY I
872307,3034,GROCERY I
872308,3365,GROCERY I
872309,1890,GROCERY I
872310,2069,GROCERY I
872317,4917,GROCERY I
873687,3801,PERSONAL CARE
874593,7382,GROCERY I
874598,2327,GROCERY I
874990,2239,CLEANING
875604,4326,GROCERY I
876223,2050,GROCERY I
876224,2377,GROCERY I
876225,1597,GROCERY I
876226,1163,GROCERY I
876663,20348,GROCERY I
877513,8733,CLEANING
877514,7067,CLEANING
878715,820,GROCERY I
881701,4266,GROCERY I
881910,3752,GROCERY I
881911,5560,GROCERY I
881912,4146,GROCERY I
882624,10227,DAIRY
883336,4171,CLEANING
884878,14132,BEVERAGES
885543,20281,PREPARED FOODS
885553,2726,GROCERY I
886067,3496,BEVERAGES
886396,4986,GROCERY I
886398,5819,GROCERY I
888063,581,"LIQUOR,WINE,BEER"
888630,2804,FROZEN FOODS
888682,3664,BREAD/BAKERY
888689,3562,BREAD/BAKERY
888761,5598,DELI
888763,5948,DELI
890213,7617,GROCERY I
890214,3501,GROCERY I
890215,8687,GROCERY I
890371,2315,GROCERY I
890372,2440,GROCERY I
890374,1910,GROCERY I
890375,2343,GROCERY I
890825,3275,GROCERY I
892076,4887,GROCERY I
895291,11957.9675,POULTRY
897348,5313,DELI
898656,13689,DAIRY
900196,4602,DAIRY
902198,2934,EGGS
902200,3181,EGGS
902202,1524,EGGS
902839,3457,GROCERY I
903283,20787.706,POULTRY
903284,34985.507,POULTRY
903285,43508.929,POULTRY
903286,33610.337,POULTRY
903955,3163,BEVERAGES
906979,7953,BEVERAGES
906980,1581,BEVERAGES
906981,80,BEVERAGES
907671,3047,"LIQUOR,WINE,BEER"
907684,6418,BEVERAGES
907686,5827,BEVERAGES
908741,693,LAWN AND GARDEN
909361,1814,FROZEN FOODS
910928,804,GROCERY I
911429,8067,GROCERY I
911871,4668,CLEANING
911989,6366,CLEANING
911990,3696,CLEANING
913102,4933,BEVERAGES
913363,16117,CLEANING
913364,18108,CLEANING
913521,3085,CLEANING
913526,2216,BREAD/BAKERY
913964,3669,GROCERY I
913966,2641,GROCERY I
913967,5359,GROCERY I
913968,7854,GROCERY I
915310,2114,PERSONAL CARE
915351,1946,DAIRY
915810,4639,DAIRY
915821,409,LAWN AND GARDEN
915822,492,LAWN AND GARDEN
915980,1879,BEVERAGES
916885,6810,CLEANING
916886,7040,CLEANING
916887,5041,CLEANING
920607,184,GROCERY I
921042,3669,PERSONAL CARE
926958,12272,GROCERY I
928477,2965,CLEANING
929627,3220,GROCERY I
929893,1734,GROCERY I
930247,299,GROCERY I
932281,2460,CLEANING
933780,4894,GROCERY I
936341,4444,GROCERY I
936994,3693,GROCERY I
937953,846,CLEANING
938125,2867,CLEANING
938126,2375,CLEANING
938129,2825,CLEANING
938436,505,CLEANING
938566,18190,GROCERY I
938567,10148,GROCERY I
938570,9776,GROCERY I
938574,11129,GROCERY I
938575,4310,GROCERY I
938576,10777,GROCERY I
938657,3571,BEVERAGES
938659,2821,BEVERAGES
939129,5321,DAIRY
939130,5051,DAIRY
939131,3872,DAIRY
939207,20919,DAIRY
939210,5890,DAIRY
939661,18994,GROCERY I
939662,12585,GROCERY I
939663,10681,GROCERY I
940585,685,CLEANING
940590,4625,CLEANING
940591,7939,CLEANING
940592,6539,CLEANING
940616,661,CLEANING
940638,610,CLEANING
940664,2379,BEVERAGES
940665,1290,BEVERAGES
946277,2677,FROZEN FOODS
946671,3385,DELI
949053,7089,GROCERY I
949243,5745,PERSONAL CARE
949296,5871,CLEANING
949297,6980,CLEANING
949298,6873,CLEANING
949299,7288,CLEANING
949510,2714,GROCERY I
949511,4159,GROCERY I
949629,1389,CLEANING
951675,4904,BEVERAGES
953404,2651,CLEANING
953413,1312,CLEANING
953420,214,GROCERY I
953427,5089,DAIRY
953428,5426,DAIRY
953562,4291,GROCERY I
953609,2281,CLEANING
954553,4152,DAIRY
954796,2746,GROCERY I
954805,3406,GROCERY I
956011,1942,GROCERY I
956012,10153,GROCERY I
956013,10080,GROCERY I
956014,13702,GROCERY I
957096,2703,DAIRY
957098,3078,DAIRY
958015,3628,DAIRY
958016,2068,DAIRY
958514,1252,BEAUTY
958516,965,BEVERAGES
958519,615,BEVERAGES
959437,6007,"LIQUOR,WINE,BEER"
959500,2620,CLEANING
959502,9288,CLEANING
962600,2529,CLEANING
962601,3227,CLEANING
964752,27575,GROCERY I
964753,8841,GROCERY I
964848,402,PERSONAL CARE
967021,2567,DAIRY
968432,32676,BEVERAGES
968935,4992,"LIQUOR,WINE,BEER"
968936,4036,"LIQUOR,WINE,BEER"
968937,3503,"LIQUOR,WINE,BEER"
977007,6924,CLEANING
979195,5841,CLEANING
979196,5544,CLEANING
979197,3391,CLEANING
979199,2647,CLEANING
979553,2133,FROZEN FOODS
979554,2489,FROZEN FOODS
980041,446,"LIQUOR,WINE,BEER"
981655,868,GROCERY I
982726,3959,CLEANING
982727,3034,CLEANING
983310,2684,BREAD/BAKERY
985823,8746,GROCERY I
985824,3126,GROCERY I
986193,6069,BREAD/BAKERY
987308,23315,GROCERY I
987768,1481,CLEANING
987769,1813,CLEANING
988408,4143,GROCERY I
988459,21015.58,PREPARED FOODS
989092,2047,GROCERY I
991114,6045,DELI
991329,3968,GROCERY I
991331,2877,GROCERY I
996122,3438,BEVERAGES
996537,4077,GROCERY I
996597,599,GROCERY I
996600,1025,GROCERY I
996606,4380.7499,MEATS
996613,3827.1276,MEATS
999545,4873,CLEANING
999546,4954,CLEANING
999547,12667,CLEANING
1000866,381,GROCERY I
1001305,2341,GROCERY I
1003679,5399,GROCERY I
1004545,144,CLEANING
1004550,19811,"LIQUOR,WINE,BEER"
1004551,10981,"LIQUOR,WINE,BEER"
1005456,646,LINGERIE
1005458,488,LINGERIE
1005461,465,LINGERIE
1005463,394,LINGERIE
1005464,274,LINGERIE
1005465,585,LINGERIE
1009512,610,AUTOMOTIVE
1009539,709,GROCERY I
1009946,220,GROCERY I
1009997,2865,CLEANING
1009998,2386,CLEANING
1010752,2264,GROCERY I
1010755,2698,GROCERY I
1010757,2724,GROCERY I
1012473,16551,CLEANING
1012787,5417,GROCERY I
1012788,3242,GROCERY I
1014864,6454,DAIRY
1014865,10127,DAIRY
1016067,1381,CLEANING
1017349,4571.5032,MEATS
1017791,1974,CLEANING
1018516,654,GROCERY I
1018617,3173,GROCERY I
1018878,7724,DAIRY
1020237,231,"LIQUOR,WINE,BEER"
1020940,256,"LIQUOR,WINE,BEER"
1021281,6424,CLEANING
1021676,2806,GROCERY I
1022053,5226,BEVERAGES
1024975,6055,CLEANING
1024976,3894,CLEANING
1028589,4955,"LIQUOR,WINE,BEER"
1033395,7607,BREAD/BAKERY
1036189,3170.9374,MEATS
1036317,1476,CLEANING
1036320,439,CLEANING
1036689,27831,GROCERY I
1037412,333,CLEANING
1037654,478,PERSONAL CARE
1037838,2651,FROZEN FOODS
1037845,11951,GROCERY I
1037846,8002,GROCERY I
1037856,4108,BEVERAGES
1037857,22746,BEVERAGES
1038937,3663,BREAD/BAKERY
1038945,3132,BREAD/BAKERY
1038946,3219,BREAD/BAKERY
1038950,2216,BREAD/BAKERY
1038952,3571,BREAD/BAKERY
1038953,3345,BREAD/BAKERY
1038954,3011,BREAD/BAKERY
1038962,3965,BREAD/BAKERY
1039087,2175,CLEANING
1040170,2695,FROZEN FOODS
1040348,3726,GROCERY I
1044584,2425,BEVERAGES
1044592,7147,DAIRY
1045449,2411,BREAD/BAKERY
1046272,2640,GROCERY I
1047394,4107,CLEANING
1047395,3327,CLEANING
1047396,3358,CLEANING
1047674,15367,BEVERAGES
1047675,13692,BEVERAGES
1047679,95810,BEVERAGES
1047680,13128,BEVERAGES
1047681,26712,BEVERAGES
1047682,6339,BEVERAGES
1047685,27667,BEVERAGES
1047686,3917,BEVERAGES
1047690,36621,BEVERAGES
1047695,3406,BEVERAGES
1047696,5439,BEVERAGES
1047698,3824,BEVERAGES
1047699,3331,BEVERAGES
1047702,4884,BEVERAGES
1047703,6358,BEVERAGES
1047705,3004,BEVERAGES
1047707,2594,BEVERAGES
1047709,1081,BEVERAGES
1047717,4972,BEVERAGES
1047721,2834,BEVERAGES
1047733,10670,BEVERAGES
1047734,951,BEVERAGES
1047735,8837,BEVERAGES
1047740,3019,BEVERAGES
1047743,8713,BEVERAGES
1047751,6547,BEVERAGES
1047752,6355,BEVERAGES
1047753,15310,BEVERAGES
1047755,10016,BEVERAGES
1047756,9454,BEVERAGES
1047757,5951,BEVERAGES
1047758,4748,BEVERAGES
1047772,20210,BEVERAGES
1047773,16328,BEVERAGES
1047774,10209,BEVERAGES
1047775,12508,BEVERAGES
1047786,13945,BEVERAGES
1047790,26577,BEVERAGES
1047793,1974,BEVERAGES
1049595,617,AUTOMOTIVE
1050142,5402,BEVERAGES
1050370,173,CLEANING
1052022,3446,DAIRY
1052563,41329,GROCERY I
1053943,2401,GROCERY I
1053944,1786,GROCERY I
1053945,2736,GROCERY I
1054129,772,GROCERY I
1057033,22197,GROCERY I
1057034,6490,GROCERY I
1057490,1897,CLEANING
1057491,5634,CLEANING
1057495,7653,CLEANING
1057498,4823,CLEANING
1057515,2649,CLEANING
1058820,2129,CLEANING
1060036,5000,BEVERAGES
1062338,691,GROCERY I
1062374,5821.6672,MEATS
1062926,4567,BEVERAGES
1062927,3256,BEVERAGES
1064018,3640,GROCERY I
1065599,1720.2314,MEATS
1066900,21847,BEVERAGES
1066901,14846,BEVERAGES
1070962,6652,GROCERY I
1071928,11707,PERSONAL CARE
1071949,5502,BEVERAGES
1072167,3835,DELI
1072173,2870,BREAD/BAKERY
1074327,30229,BEVERAGES
1075283,617,GROCERY I
1075891,2650,CLEANING
1076065,2428,GROCERY I
1076066,5637,GROCERY I
1076155,1867,GROCERY I
1076335,3748,GROCERY I
1078288,3931,GROCERY I
1079214,2291,CLEANING
1079215,1799,CLEANING
1079220,2896,CLEANING
1079254,2459,CLEANING
1079257,2040,CLEANING
1079258,934,CLEANING
1079329,2553,"LIQUOR,WINE,BEER"
1079331,330,CLEANING
1080001,4288,"LIQUOR,WINE,BEER"
1080009,225,"LIQUOR,WINE,BEER"
1080021,10197,GROCERY I
1080756,4646,GROCERY I
1081359,4812,GROCERY I
1082042,4806,GROCERY I
1082391,1012,GROCERY I
1082578,588,CLEANING
1082907,3271,EGGS
1083152,17963,DAIRY
1083154,167,PERSONAL CARE
1083196,19340,DAIRY
1083517,1413,GROCERY I
1083518,1307,GROCERY I
1084365,6914.854,MEATS
1084417,4370,GROCERY I
1084425,1701,BEVERAGES
1084436,1374,GROCERY I
1084437,10089,GROCERY I
1084881,12649,GROCERY I
1084882,6044,GROCERY I
1085148,426,AUTOMOTIVE
1085150,366,AUTOMOTIVE
1085246,3626.5474,MEATS
1085486,368,AUTOMOTIVE
1085686,3285,CLEANING
1086172,686,GROCERY I
1087269,9179,PERSONAL CARE
1087270,5905,PERSONAL CARE
1087467,2130,BREAD/BAKERY
1088002,4065,BEVERAGES
1089044,7209,CLEANING
1089045,7233,CLEANING
1089046,7593,CLEANING
1089079,701,GROCERY I
1089163,3606,EGGS
1089820,601,GROCERY I
1089843,5275,BREAD/BAKERY
1089844,4786,BREAD/BAKERY
1089845,3497,BREAD/BAKERY
1089846,2151,BREAD/BAKERY
1090401,1799,"LIQUOR,WINE,BEER"
1090419,760,CLEANING
1091333,297,GROCERY I
1091338,2180.0144,MEATS
1091365,4160,GROCERY I
1091366,5579,GROCERY I
1091367,7185,GROCERY I
1091368,4189,GROCERY I
1091369,2965,GROCERY I
1091370,1856,GROCERY I
1091467,2303.3651,MEATS
1092008,1043,BREAD/BAKERY
1092061,2770,DAIRY
1092106,4399.3354,MEATS
1093340,263,GROCERY I
1093344,895,GROCERY I
1093786,868,GROCERY I
1094235,863,GROCERY I
1094238,1703,GROCERY I
1096235,12435,PERSONAL CARE
1097187,4436,GROCERY I
1098624,6278,PERSONAL CARE
1099990,1823,GROCERY I
1101724,4232,BEVERAGES
1102268,6006,PERSONAL CARE
1102970,5004,BEVERAGES
1102971,2536,BEVERAGES
1102975,2596,BEVERAGES
1102976,4682,BEVERAGES
1104598,6812,PERSONAL CARE
1104599,7205,PERSONAL CARE
1104650,131,CLEANING
1104725,5990,BEVERAGES
1105210,4684,GROCERY I
1105211,15683,GROCERY I
1105212,21032,GROCERY I
1105213,3716,GROCERY I
1105214,3786,GROCERY I
1105215,1451,GROCERY I
1105228,7510,GROCERY I
1105299,1900,GROCERY I
1105831,2073,GROCERY I
1106968,833,CLEANING
1109116,12421,BEVERAGES
1109173,180,GROCERY II
1109211,2467.2197,MEATS
1109235,5268.16,FROZEN FOODS
1109325,16465,BEVERAGES
1109326,11164,BEVERAGES
1109389,15342,GROCERY I
1109390,8460,GROCERY I
1109391,7478,GROCERY I
1110679,3719,SEAFOOD
1111202,3097,CLEANING
1112450,6051,BEVERAGES
1112839,5572,CLEANING
1112840,8658,CLEANING
1113847,3993,DELI
1113852,2153,DELI
1113872,3405,GROCERY I
1114566,22709,BEVERAGES
1114567,7762,BEVERAGES
1114749,2565,CLEANING
1114754,2665,CLEANING
1114761,4557,DAIRY
1114903,2966,CLEANING
1114914,5686,CLEANING
1114924,2493,BEVERAGES
1116113,5627,GROCERY I
1116370,2644,GROCERY I
1117661,4615,BEVERAGES
1117662,2634,BEVERAGES
1117663,2820,GROCERY I
1118683,529,AUTOMOTIVE
1118691,2714,PERSONAL CARE
1118775,5284,GROCERY I
1119216,2730,CLEANING
1119217,3143,CLEANING
1121513,6421,CLEANING
1121514,3648,CLEANING
1121515,5074,CLEANING
1121615,11312,DELI
1121616,17984,DELI
1123722,272,GROCERY I
1124164,3101,BEVERAGES
1124165,3872,BEVERAGES
1124973,4020,DAIRY
1127860,2566,GROCERY I
1127862,3027,FROZEN FOODS
1132005,3999,BEVERAGES
1133955,94,"LIQUOR,WINE,BEER"
1134971,5496,BEVERAGES
1135438,271,GROCERY I
1136979,3575,GROCERY I
1137146,10556,GROCERY I
1138053,4197,PERSONAL CARE
1141956,933,GROCERY I
1143685,61109,BEVERAGES
1143686,2814,BEVERAGES
1143691,4756,GROCERY I
1145374,2190,GROCERY I
1145597,4964,BEVERAGES
1146496,25167,FROZEN FOODS
1146497,9452,FROZEN FOODS
1146648,3190,DAIRY
1146783,3493,GROCERY I
1146784,3207,GROCERY I
1146785,8729,GROCERY I
1146786,37799,GROCERY I
1146787,3468,GROCERY I
1146795,28882,GROCERY I
1146796,5380,GROCERY I
1146797,5174,GROCERY I
1146799,2080,GROCERY I
1146800,10115,GROCERY I
1146801,18737,GROCERY I
1146802,16966,GROCERY I
1146803,5430,GROCERY I
1146804,3091,GROCERY I
1146974,2126,GROCERY I
1147017,197,CLEANING
1147495,5270,GROCERY I
1147731,801,AUTOMOTIVE
1148017,1178,"LIQUOR,WINE,BEER"
1148018,3422,"LIQUOR,WINE,BEER"
1148548,3588,EGGS
1148719,2441,GROCERY I
1148753,301,GROCERY I
1148812,5018,BEVERAGES
1148971,3858,GROCERY I
1148972,3695,GROCERY I
1149069,6072,PRODUCE
1149225,7234,CLEANING
1149579,9367,BREAD/BAKERY
1150362,1311,CLEANING
1150700,6284.09460000001,POULTRY
1150954,6282,BEVERAGES
1151128,2667,GROCERY I
1152017,378,CLEANING
1152346,2884,FROZEN FOODS
1152348,2742,FROZEN FOODS
1152350,3875,FROZEN FOODS
1152355,3065,FROZEN FOODS
1152464,312,CLEANING
1153584,10482,BEVERAGES
1153597,1513,GROCERY I
1154749,2678,GROCERY I
1156722,3396,GROCERY I
1156724,3032,GROCERY I
1157329,25018,GROCERY I
1157462,15298,GROCERY I
1157479,3298,BEVERAGES
1157561,11598,GROCERY I
1157562,2567,GROCERY I
1157564,23211,GROCERY I
1157685,207,GROCERY I
1157699,2186,GROCERY I
1158705,313,BEAUTY
1158719,10208,GROCERY I
1158720,29798,GROCERY I
1159413,12862,GROCERY I
1159414,14571,GROCERY I
1159415,14425,GROCERY I
1159597,4480,CLEANING
1159598,2530,CLEANING
1159726,6729,GROCERY I
1159728,5993,GROCERY I
1160752,3018,GROCERY I
1160754,794,GROCERY I
1160796,2192,GROCERY I
1160872,12911,GROCERY I
1160873,6531,GROCERY I
1160882,4168,GROCERY I
1161046,2253,GROCERY I
1161555,3634,BEVERAGES
1161556,4092,BEVERAGES
1161557,3770,BEVERAGES
1161571,16641,GROCERY I
1161572,13108,GROCERY I
1162382,42021,GROCERY I
1162755,1973,EGGS
1162759,2224,EGGS
1162761,1436,CLEANING
1162932,1616,GROCERY I
1162933,1526,GROCERY I
1162934,1307,GROCERY I
1162935,2146,GROCERY I
1163577,3118,BEVERAGES
1163583,1613,GROCERY I
1164290,5429,DAIRY
1164923,4613,BEVERAGES
1165987,5177,GROCERY I
1165988,5304,GROCERY I
1165989,8072,GROCERY I
1166036,452,GROCERY I
1166474,17624,BEVERAGES
1166475,18232,BEVERAGES
1166478,2768,GROCERY I
1167175,3663,GROCERY I
1167188,2465,GROCERY II
1167487,411,GROCERY I
1167544,7214,BEVERAGES
1167545,8320,BEVERAGES
1167614,55725,EGGS
1167754,1773,GROCERY I
1168684,193,CLEANING
1168717,6867,GROCERY I
1168718,3391,GROCERY I
1168738,1611,CLEANING
1168741,404,CLEANING
1171140,5022,DAIRY
1171142,3270,GROCERY I
1172015,160,CLEANING
1173210,3084,CLEANING
1173213,837,BEVERAGES
1173853,4887,GROCERY I
1174923,799,GROCERY I
1175993,153,GROCERY I
1176558,3945,GROCERY I
1176559,1733,GROCERY I
1176560,2435,GROCERY I
1176561,2620,GROCERY I
1176562,1824,GROCERY I
1177984,539,GROCERY I
1178687,2769,GROCERY I
1178691,4443,CLEANING
1178692,3197,CLEANING
1178696,3271,CLEANING
1178697,2526,CLEANING
1179109,2219,GROCERY I
1179117,3276,BREAD/BAKERY
1179119,1658,BREAD/BAKERY
1179579,3531,BREAD/BAKERY
1179580,3844,BREAD/BAKERY
1179581,2818,BREAD/BAKERY
1182733,5789,BEVERAGES
1209718,1924,GROCERY I
1209719,2216,GROCERY I
1209720,2469,GROCERY I
1209721,1786,GROCERY I
1210038,3558,BREAD/BAKERY
1212452,2252,"LIQUOR,WINE,BEER"
1213906,1455,CLEANING
1214325,6836,CLEANING
1221045,1387,GROCERY I
1221054,129,"LIQUOR,WINE,BEER"
1222571,7153,PERSONAL CARE
1222575,444,CLEANING
1224495,2966,GROCERY I
1224521,3757,BEVERAGES
1225768,2247,GROCERY I
1225769,1851,GROCERY I
1225770,1546,GROCERY I
1225771,1178,GROCERY I
1226506,488,LAWN AND GARDEN
1226507,351,LAWN AND GARDEN
1226920,1662,GROCERY I
1228300,556,CLEANING
1228312,170,GROCERY I
1228319,5610,BEVERAGES
1228320,3120,GROCERY I
1228321,1625,GROCERY I
1228937,672,PERSONAL CARE
1228945,343,PERSONAL CARE
1228950,634,PERSONAL CARE
1228994,2144,PERSONAL CARE
1228995,3664,PERSONAL CARE
1229023,1290,PERSONAL CARE
1229025,4834,PERSONAL CARE
1229026,260,PERSONAL CARE
1229028,5346,PERSONAL CARE
1229440,1026,PERSONAL CARE
1229469,1592,PERSONAL CARE
1229500,167,PERSONAL CARE
1229566,801,PERSONAL CARE
1229576,2091,PERSONAL CARE
1229584,1124,PERSONAL CARE
1229591,1636,PERSONAL CARE
1229625,2620,PERSONAL CARE
1229636,1636,PERSONAL CARE
1229642,623,PERSONAL CARE
1229643,606,PERSONAL CARE
1229664,546,PERSONAL CARE
1229676,1943,PERSONAL CARE
1229686,641,PERSONAL CARE
1229882,141,PERSONAL CARE
1229919,676,PERSONAL CARE
1229920,821,PERSONAL CARE
1229935,1597,PERSONAL CARE
1230003,2224,PERSONAL CARE
1230014,2302,PERSONAL CARE
1230060,434,PERSONAL CARE
1230228,155,PERSONAL CARE
1230244,155,PERSONAL CARE
1230327,138,PERSONAL CARE
1230416,775,PERSONAL CARE
1230417,3616,PERSONAL CARE
1230418,2597,PERSONAL CARE
1230426,3284,PERSONAL CARE
1230430,1084,PERSONAL CARE
1230440,391,PERSONAL CARE
1230441,300,PERSONAL CARE
1230461,2287,PERSONAL CARE
1231869,1479,PERSONAL CARE
1233161,101,PERSONAL CARE
1234340,170,GROCERY I
1235251,2457,GROCERY I
1235334,2511,GROCERY I
1235364,1744,GROCERY I
1235365,1869,GROCERY I
1237005,220,GROCERY I
1237410,513,GROCERY I
1238497,4036,DAIRY
1239294,1870,GROCERY I
1239720,3852,DAIRY
1239736,2537,DAIRY
1239739,4854,DAIRY
1239740,2896,DAIRY
1239741,2358,DAIRY
1239746,2828,DAIRY
1239748,2986,DAIRY
1239749,3006,DAIRY
1239782,3258,DAIRY
1239783,7873,DAIRY
1239785,7047,DAIRY
1239788,1640,DAIRY
1239789,6981,DAIRY
1239790,7907,DAIRY
1239791,6568,DAIRY
1239792,3255,DAIRY
1239793,3096,DAIRY
1239794,3330,DAIRY
1239795,3830,DAIRY
1239796,8339,DAIRY
1239797,4265,DAIRY
1239798,3641,DAIRY
1239800,4140,DAIRY
1239806,7986,DAIRY
1239807,5582,DAIRY
1239808,10311,DAIRY
1239809,20652,DAIRY
1239810,12004,DAIRY
1239812,4080,DAIRY
1239813,3226,DAIRY
1239815,6925,DAIRY
1239817,5044,DAIRY
1239818,5353,DAIRY
1239819,10861,DAIRY
1239820,7681,DAIRY
1239840,2738,DAIRY
1239841,3931,DAIRY
1239842,3362,DAIRY
1239843,1839,DAIRY
1239844,3669,DAIRY
1239845,4200,DAIRY
1239846,4669,DAIRY
1239847,3315,DAIRY
1239852,7853.742,POULTRY
1239853,4665.969,POULTRY
1239854,5956.338,POULTRY
1239855,3291.003,POULTRY
1239856,12626.653,POULTRY
1239857,6767.136,POULTRY
1239858,7431.648,POULTRY
1239859,5815.44,POULTRY
1239860,11466.92,POULTRY
1239861,5820.893,POULTRY
1239862,3994.272,POULTRY
1239867,9047.51300000001,POULTRY
1239868,7626.196,POULTRY
1239869,2084.767,POULTRY
1239870,5153.75,POULTRY
1239871,2446.455,POULTRY
1239875,12383.426,POULTRY
1239876,4111.852,POULTRY
1239877,15209.907,POULTRY
1239879,2185.95,POULTRY
1239880,2974.972,POULTRY
1239881,3642.809,POULTRY
1239882,16781.844,POULTRY
1239883,1851.935,POULTRY
1239887,2754,DAIRY
1239890,8429.96200000001,POULTRY
1239891,2006.132,POULTRY
1239897,21567.65,POULTRY
1239898,2004.889,POULTRY
1239899,5846.462,POULTRY
1239901,13927.625,POULTRY
1239902,13874.482,POULTRY
1239903,4120.557,POULTRY
1239905,6814,DAIRY
1239906,8081,DAIRY
1239908,8237,DAIRY
1239911,10832,DAIRY
1239912,6670,DAIRY
1239913,9288,DAIRY
1239914,6809,DAIRY
1239915,2344,DAIRY
1239916,1867,DAIRY
1239918,5241,DAIRY
1239953,2423,DAIRY
1239954,6296,DAIRY
1239955,11174,DAIRY
1239956,8184,DAIRY
1239986,2162.298,POULTRY
1240160,3760,BEVERAGES
1242666,2549,GROCERY I
1242667,2674,GROCERY I
1242670,2024,GROCERY I
1243803,3528,BEVERAGES
1243805,3407,BEVERAGES
1243814,3030,BEVERAGES
1243815,2449,BEVERAGES
1243816,2672,BEVERAGES
1243817,2493,BEVERAGES
1245918,1885,GROCERY I
1246493,2208,GROCERY I
1246495,2195,GROCERY I
1246498,3198,GROCERY I
1246757,3574,GROCERY I
1246758,5253,GROCERY I
1246784,5567,GROCERY I
1246785,4950,GROCERY I
1247036,2898,SEAFOOD
1248391,2161,GROCERY I
1248394,243,GROCERY I
1248464,436,GROCERY I
1250226,2080,GROCERY I
1253470,943,GROCERY I
1253708,152,BEAUTY
1253765,2194,PERSONAL CARE
1254013,11889,PERSONAL CARE
1254310,1086,LAWN AND GARDEN
1255777,2810,BEVERAGES
1257555,2084,DAIRY
1259006,3996,EGGS
1259007,2707,EGGS
1259952,358,GROCERY I
1260238,2780,CLEANING
1260241,992,GROCERY I
1260242,1731,GROCERY I
1261025,2038,BEVERAGES
1261376,2562,GROCERY I
1273024,2185,DAIRY
1279049,2886,BREAD/BAKERY
1280677,1868,CLEANING
1281011,3629,BEVERAGES
1281253,1313,GROCERY I
1281780,2740,CLEANING
1282047,3627.539,GROCERY I
1282207,667,CLEANING
1284221,1684,GROCERY I
1285150,2111,BEVERAGES
1285154,2306,BEVERAGES
1288226,2710.2689,MEATS
1288843,3597.211,MEATS
1289417,729,GROCERY I
1289418,633,GROCERY I
1294665,917,BREAD/BAKERY
1298766,136,CLEANING
1299616,3976,DAIRY
1300325,2690,GROCERY I
1302670,293,CLEANING
1303141,4052,BREAD/BAKERY
1304243,1571,CLEANING
1304488,1049,GROCERY I
1304490,589,GROCERY I
1304491,221,GROCERY I
1305845,21887,DELI
1306155,269,PERSONAL CARE
1306196,3864,CLEANING
1306197,5253,CLEANING
1306198,5332,CLEANING
1306199,1917,CLEANING
1309245,5509,BREAD/BAKERY
1309246,17062,BREAD/BAKERY
1309297,22615,BEVERAGES
1309298,2376,BEVERAGES
1309300,658,BEVERAGES
1309560,1853,BREAD/BAKERY
1309672,527,GROCERY I
1309856,1342,CLEANING
1310076,874,CLEANING
1310081,72,CLEANING
1311104,90,"LIQUOR,WINE,BEER"
1312957,2165,GROCERY I
1313222,6514,BREAD/BAKERY
1313223,12478,BREAD/BAKERY
1314409,5573,GROCERY I
1314549,394,CLEANING
1316369,1565,GROCERY I
1316461,8,CLEANING
1317092,365,LAWN AND GARDEN
1317094,3598,GROCERY I
1317095,2494,GROCERY I
1317096,2030,GROCERY I
1320180,1871,CLEANING
1320701,1545,EGGS
1320708,312,GROCERY I
1320857,1519,GROCERY I
1321332,105,CLEANING
1321336,390,GROCERY I
1321497,4222,BREAD/BAKERY
1322479,4924,GROCERY I
1323011,157,CLEANING
1323422,90,GROCERY I
1323985,1221,BREAD/BAKERY
1324174,3361,GROCERY I
1324182,2485,BEVERAGES
1324591,1814,GROCERY I
1324667,3667,GROCERY I
1324668,3257,GROCERY I
1324670,2374,GROCERY I
1324845,1512,CLEANING
1324851,1762,CLEANING
1325324,2063,CLEANING
1325325,1276,CLEANING
1325330,216,CLEANING
1325362,3211,GROCERY I
1328340,2936,GROCERY I
1328471,2434,CLEANING
1328495,4912,BEVERAGES
1328672,5886,DELI
1328907,11527,PERSONAL CARE
1331068,4052,PERSONAL CARE
1331407,2012,DAIRY
1332103,2052,PERSONAL CARE
1332664,1260,DAIRY
1332688,784,DELI
1332689,1209,DELI
1333224,2414,GROCERY I
1333225,1777,GROCERY I
1333307,21458,BREAD/BAKERY
1333994,6302,GROCERY I
1334068,146,GROCERY I
1334074,208,GROCERY I
1335305,1445,CLEANING
1336459,2961,BEVERAGES
1336461,3886,BEVERAGES
1339795,1360,GROCERY I
1339879,1744,FROZEN FOODS
1339880,3265,FROZEN FOODS
1339882,1622,FROZEN FOODS
1339883,2835,FROZEN FOODS
1342003,9118,GROCERY I
1342006,11098,GROCERY I
1342007,1920,GROCERY I
1342008,9911,GROCERY I
1342009,7274,GROCERY I
1344514,2542,DAIRY
1344755,76,GROCERY I
1345067,2531,GROCERY I
1345068,2108,GROCERY I
1345070,3819,GROCERY I
1345071,2217,GROCERY I
1345072,1852,GROCERY I
1345337,2232,DAIRY
1345352,2121,DAIRY
1345981,1642,GROCERY I
1346410,1300,CLEANING
1346621,336,GROCERY I
1346624,2926,GROCERY I
1346625,4019,CLEANING
1346626,4000,CLEANING
1346627,6134,CLEANING
1346628,4834,CLEANING
1346629,2120,CLEANING
1346630,2499,CLEANING
1346631,2641,CLEANING
1346632,2378,CLEANING
1346636,8011,CLEANING
1346637,12066,CLEANING
1346638,15568,CLEANING
1346643,1754,CLEANING
1347810,1266,GROCERY I
1347811,1234,GROCERY I
1347977,1415,GROCERY I
1348487,1384,CLEANING
1348510,1210,GROCERY I
1348983,2101,GROCERY I
1349068,2322,BREAD/BAKERY
1349806,2076,GROCERY I
1349807,2169,GROCERY I
1349808,3104,GROCERY I
1350565,3863,BEVERAGES
1351227,1246,GROCERY I
1351305,3651,GROCERY I
1352751,153,CLEANING
1352754,97,CLEANING
1352758,77,CLEANING
1353189,12075,DELI
1353191,1486,GROCERY I
1353969,1852,CLEANING
1354380,5154,GROCERY I
1354381,3185,GROCERY I
1354382,4543,GROCERY I
1354383,4942,GROCERY I
1354384,3837,GROCERY I
1354385,2621,GROCERY I
1354386,1910,GROCERY I
1354387,1714,GROCERY I
1354388,2278,GROCERY I
1354389,2794,GROCERY I
1354390,2794,GROCERY I
1354711,10703,GROCERY I
1354712,5432,GROCERY I
1354713,2913,GROCERY I
1354714,4361,GROCERY I
1354719,1755,GROCERY I
1356038,202,PERSONAL CARE
1359503,1709,BEVERAGES
1360009,417,HOME AND KITCHEN II
1360010,465,HOME AND KITCHEN II
1360012,552,HOME AND KITCHEN II
1360013,315,HOME AND KITCHEN II
1361205,1864,DAIRY
1363876,1588,BREAD/BAKERY
1363877,1170,GROCERY I
1363878,1598,GROCERY I
1364636,763,HOME AND KITCHEN II
1366212,924,HOME AND KITCHEN I
1366213,483,HOME AND KITCHEN I
1367273,1132,HOME AND KITCHEN I
1367438,932,HOME AND KITCHEN II
1368456,474,HOME AND KITCHEN I
1368479,563,HOME AND KITCHEN I
1368480,466,HOME AND KITCHEN I
1368488,384,HOME AND KITCHEN I
1369793,310,HOME AND KITCHEN I
1369873,355,HOME AND KITCHEN II
1369875,274,HOME AND KITCHEN II
1369876,250,HOME AND KITCHEN II
1369972,818,HOME AND KITCHEN II
1369973,299,HOME AND KITCHEN II
1370025,427,HOME AND KITCHEN II
1370542,1035,HOME AND KITCHEN I
1370547,503,HOME AND KITCHEN I
1370548,878,HOME AND KITCHEN I
1370552,514,HOME AND KITCHEN I
1370564,1710,HOME AND KITCHEN I
1370565,285,HOME AND KITCHEN I
1370566,649,HOME AND KITCHEN I
1370568,472,HOME AND KITCHEN I
1370572,472,HOME AND KITCHEN I
1370574,1063,HOME AND KITCHEN I
1370587,386,HOME AND KITCHEN I
1370588,610,HOME AND KITCHEN I
1370589,242,HOME AND KITCHEN I
1371395,451,HOME AND KITCHEN I
1371618,4768,PERSONAL CARE
1371620,83,PERSONAL CARE
1372308,743,HOME AND KITCHEN I
1372309,790,HOME AND KITCHEN I
1372326,1180,GROCERY I
1372511,598,HOME AND KITCHEN I
1372563,244,HOME AND KITCHEN I
1372566,486,HOME AND KITCHEN I
1372585,473,HOME AND KITCHEN II
1372862,505,HOME AND KITCHEN II
1373031,472,HOME AND KITCHEN II
1373037,741,HOME AND KITCHEN II
1373081,506,HOME AND KITCHEN II
1373394,247,HOME AND KITCHEN I
1373408,239,HOME AND KITCHEN I
1373409,259,HOME AND KITCHEN I
1373444,407,HOME AND KITCHEN II
1373944,545,HOME AND KITCHEN II
1373976,58,CLEANING
1379151,335,HOME AND KITCHEN I
1379154,446,HOME AND KITCHEN I
1379158,175,HOME AND KITCHEN I
1379194,429,HOME AND KITCHEN I
1379210,599,HOME AND KITCHEN I
1386120,326,HOME AND KITCHEN I
1386220,1511,GROCERY I
1386250,682,HOME AND KITCHEN II
1386506,580,HOME AND KITCHEN I
1386695,311,HOME AND KITCHEN I
1386696,558,HOME AND KITCHEN I
1386894,461,HOME AND KITCHEN II
1387609,390,HOME AND KITCHEN II
1388521,492,HOME AND KITCHEN I
1388559,1285,HOME AND KITCHEN I
1388568,482,HOME AND KITCHEN I
1388574,583,HOME AND KITCHEN I
1390351,1424,GROCERY I
1390352,3231,GROCERY I
1390405,173,GROCERY I
1391408,91.763,GROCERY I
1391548,2412,GROCERY I
1391549,4793,GROCERY I
1392256,1490,HOME AND KITCHEN II
1392260,3070,HOME AND KITCHEN II
1392261,3694,HOME AND KITCHEN II
1392262,656,HOME AND KITCHEN II
1392627,1380,PERSONAL CARE
1392628,878,PERSONAL CARE
1393033,1025,BEVERAGES
1393047,3400,GROCERY I
1394348,3374,CLEANING
1394349,1013,CLEANING
1395693,1491,GROCERY I
1396282,178,PERSONAL CARE
1397060,5531,BEVERAGES
1397061,11276,BEVERAGES
1397062,8426,BEVERAGES
1397067,4250,CLEANING
1397068,1716,CLEANING
1397779,1231,GROCERY I
1397797,678,GROCERY I
1397802,417,GROCERY I
1398687,1645,"LIQUOR,WINE,BEER"
1398688,1661,"LIQUOR,WINE,BEER"
1399750,2953,"LIQUOR,WINE,BEER"
1400328,1350,CLEANING
1400329,1217,CLEANING
1400330,1450,CLEANING
1400331,2938,CLEANING
1400332,2374,CLEANING
1400334,1145,CLEANING
1400826,248,HOME AND KITCHEN II
1400846,127,HOME AND KITCHEN II
1401722,294,PERSONAL CARE
1401733,703,PERSONAL CARE
1401735,499,PERSONAL CARE
1402017,665,CLEANING
1402024,1223,BREAD/BAKERY
1402032,2188,BREAD/BAKERY
1402040,974,BREAD/BAKERY
1402041,815,BREAD/BAKERY
1402045,1005,BREAD/BAKERY
1402545,2022,CLEANING
1402643,3016,DAIRY
1403463,2012,GROCERY I
1403464,3612,GROCERY I
1404385,6832,BEVERAGES
1404410,2439,DELI
1404411,2287,DELI
1405685,2038,DAIRY
1410764,314,HOME AND KITCHEN II
1410765,234,HOME AND KITCHEN II
1410768,158,HOME AND KITCHEN II
1410769,146,HOME AND KITCHEN II
1410773,183,HOME AND KITCHEN II
1410792,123,GROCERY I
1410850,1545,HOME AND KITCHEN II
1411065,1469,GROCERY I
1412115,400,PERSONAL CARE
1412204,1617,FROZEN FOODS
1412379,64,GROCERY II
1412392,2401,"LIQUOR,WINE,BEER"
1412393,1031,"LIQUOR,WINE,BEER"
1412519,150,CLEANING
1412575,3249.8217,POULTRY
1415679,1802,BREAD/BAKERY
1416362,1712,CLEANING
1417148,1996,GROCERY I
1417154,1170,GROCERY I
1417697,4000,GROCERY I
1418022,4314,GROCERY I
1418259,377,CLEANING
1418484,192,CLEANING
1418842,2678,GROCERY I
1418844,2063,GROCERY I
1418845,8737,GROCERY I
1418846,1966,GROCERY I
1418847,3978,GROCERY I
1420007,337,HOME AND KITCHEN I
1421156,1767,BEVERAGES
1421428,1589,BEVERAGES
1421429,224,BEVERAGES
1421438,318,GROCERY I
1422036,123,GROCERY I
1422222,107,CLEANING
1422284,1305,GROCERY I
1422347,1348,MEATS
1422500,2667,DELI
1422815,693,"LIQUOR,WINE,BEER"
1422817,1593,"LIQUOR,WINE,BEER"
1422835,3657,DAIRY
1422837,2526,DAIRY
1422849,1931,GROCERY I
1423681,1998,DAIRY
1426023,255,GROCERY I
1427659,32326,DAIRY
1428328,11966,BEVERAGES
1428330,2997,BEVERAGES
1428331,4760,BEVERAGES
1428779,1590,DAIRY
1430040,43662,BEVERAGES
1430041,4379,BEVERAGES
1430080,139,HOME AND KITCHEN I
1430081,242,HOME AND KITCHEN I
1430082,147,HOME AND KITCHEN I
1430083,224,HOME AND KITCHEN I
1441468,59,GROCERY I
1441511,184,PERSONAL CARE
1441513,1796,GROCERY I
1441514,2288,GROCERY I
1441515,2737,GROCERY I
1441516,2748,GROCERY I
1441517,2167,GROCERY I
1441817,2586,GROCERY I
1442157,494,CLEANING
1444597,1415,GROCERY I
1444598,1440,GROCERY I
1444600,254,PERSONAL CARE
1444615,952,GROCERY I
1445215,3895,FROZEN FOODS
1445281,3189,GROCERY I
1446726,1944,DAIRY
1447815,3740,CLEANING
1447817,2387,CLEANING
1449487,154,BEAUTY
1449645,80,GROCERY I
1452378,750,MAGAZINES
1453122,2045,BREAD/BAKERY
1453123,2278,BREAD/BAKERY
1453124,2423,BREAD/BAKERY
1454707,1364,BREAD/BAKERY
1454708,1233,BREAD/BAKERY
1455272,48,PERSONAL CARE
1455482,5552,BEVERAGES
1455485,1556,BEVERAGES
1455790,3058,CLEANING
1455886,186,BEVERAGES
1456171,78,PERSONAL CARE
1456346,754,MAGAZINES
1456881,6617,HOME CARE
1456886,258,HOME CARE
1456909,1247,HOME CARE
1456910,384,HOME CARE
1456912,1591,HOME CARE
1456916,3676,HOME CARE
1456917,2035,HOME CARE
1456921,1679,HOME CARE
1456922,3616,HOME CARE
1456931,307,HOME CARE
1456935,372,HOME CARE
1456939,225,HOME CARE
1456952,594,HOME CARE
1456993,1773,HOME CARE
1456994,1968,HOME CARE
1456995,1998,HOME CARE
1456996,1472,HOME CARE
1456997,1524,HOME CARE
1456998,1558,HOME CARE
1457000,3596,HOME CARE
1457001,2600,HOME CARE
1457002,2555,HOME CARE
1457003,2604,HOME CARE
1457004,2646,HOME CARE
1457005,3411,HOME CARE
1457012,9577,HOME CARE
1457020,1203,HOME CARE
1457031,1436,HOME CARE
1457039,3553,HOME CARE
1457160,1891,HOME CARE
1457168,2427,HOME CARE
1457175,4902,HOME CARE
1457176,5725,HOME CARE
1457177,3282,HOME CARE
1457178,3465,HOME CARE
1457179,5568,HOME CARE
1457180,4393,HOME CARE
1457181,7579,HOME CARE
1457182,6573,HOME CARE
1457183,7859,HOME CARE
1457184,6552,HOME CARE
1457185,2361,HOME CARE
1457192,606,HOME CARE
1457199,1659,HOME CARE
1457201,3080,HOME CARE
1457202,1845,HOME CARE
1457217,7692,HOME CARE
1457228,2901,HOME CARE
1457229,3208,HOME CARE
1457230,2058,HOME CARE
1457231,7547,HOME CARE
1457239,2645,HOME CARE
1457240,1275,HOME CARE
1457245,1300,HOME CARE
1457247,1604,HOME CARE
1457251,4212,HOME CARE
1457256,3005,HOME CARE
1457311,395,HOME CARE
1457328,9202,HOME CARE
1457333,2702,HOME CARE
1457335,1868,HOME CARE
1457337,6431,HOME CARE
1457338,5212,HOME CARE
1457339,3275,HOME CARE
1457340,2559,HOME CARE
1457341,7116,HOME CARE
1457342,1591,HOME CARE
1457344,1619,HOME CARE
1457346,237,HOME CARE
1457359,4659,HOME CARE
1457396,2449,HOME CARE
1457409,358,HOME CARE
1457411,1571,HOME CARE
1457416,2664,HOME CARE
1457417,2009,HOME CARE
1457518,1237,GROCERY I
1457834,3355,GROCERY I
1457835,2067,GROCERY I
1457840,3839,BREAD/BAKERY
1457948,3210,HOME CARE
1457990,205,HOME CARE
1458088,1379,HOME CARE
1458329,282,GROCERY I
1458461,1450,GROCERY I
1458834,1310,BEVERAGES
1458842,1962,DAIRY
1458844,1524,DAIRY
1458847,1535,DAIRY
1458848,3180,DAIRY
1458849,1417,DAIRY
1458850,1328,DAIRY
1458851,1261,DAIRY
1458914,95,"LIQUOR,WINE,BEER"
1458920,1729,HOME CARE
1459058,12746,GROCERY I
1459067,99,CLEANING
1459225,286,"LIQUOR,WINE,BEER"
1459226,196,"LIQUOR,WINE,BEER"
1459514,3353,CLEANING
1459515,2274,CLEANING
1459692,199,GROCERY I
1459697,108,GROCERY I
1460018,2964,CLEANING
1460019,1842,CLEANING
1460020,703,CLEANING
1460021,1743,CLEANING
1460808,3627,DAIRY
1463437,1616,GROCERY I
1463441,1935,BEVERAGES
1463451,140,GROCERY I
1463483,1311,BEVERAGES
1463484,884,BEVERAGES
1463507,11079,BEVERAGES
1463509,4481,BEVERAGES
1463510,7182,BEVERAGES
1463555,2895,BEVERAGES
1463566,4112,BEVERAGES
1463568,3559,BEVERAGES
1463569,1951,BEVERAGES
1463587,1991,BEVERAGES
1463591,1859,BEVERAGES
1463594,1969,BEVERAGES
1463595,1414,BEVERAGES
1463596,1700,BEVERAGES
1463602,2919,BEVERAGES
1463603,2675,BEVERAGES
1463604,1508,BEVERAGES
1463609,5005,BEVERAGES
1463610,2120,BEVERAGES
1463611,2014,BEVERAGES
1463619,1266,BEVERAGES
1463620,1485,BEVERAGES
1463621,919,BEVERAGES
1463625,5506,BEVERAGES
1463626,9947,BEVERAGES
1463632,3861,BEVERAGES
1463637,6216,BEVERAGES
1463693,1837,BEVERAGES
1463707,692,BEVERAGES
1463765,8563,BEVERAGES
1463767,3231,BEVERAGES
1463769,3752,BEVERAGES
1463770,3793,BEVERAGES
1463771,6891,BEVERAGES
1463772,4158,BEVERAGES
1463773,5119,BEVERAGES
1463783,2360,BEVERAGES
1463784,1273,BEVERAGES
1463786,10794,BEVERAGES
1463787,15829,BEVERAGES
1463788,2801,BEVERAGES
1463789,3349,BEVERAGES
1463790,3002,BEVERAGES
1463791,1824,BEVERAGES
1463797,14034,BEVERAGES
1463798,18758,BEVERAGES
1463799,3129,BEVERAGES
1463800,3176,BEVERAGES
1463801,7237,BEVERAGES
1463805,3729,BEVERAGES
1463806,6377,BEVERAGES
1463807,6204,BEVERAGES
1463808,4057,BEVERAGES
1463810,44821,BEVERAGES
1463812,15576,BEVERAGES
1463814,37629,BEVERAGES
1463819,8962,BEVERAGES
1463820,9372,BEVERAGES
1463823,19586,BEVERAGES
1463825,18476,BEVERAGES
1463851,1744,BEVERAGES
1463852,4474,BEVERAGES
1463855,32641,BEVERAGES
1463857,17726,BEVERAGES
1463859,6663,BEVERAGES
1463860,43282,BEVERAGES
1463862,34121,BEVERAGES
1463864,11458,BEVERAGES
1463865,14872,BEVERAGES
1463866,20333,BEVERAGES
1463867,23288,BEVERAGES
1463881,29651,BEVERAGES
1463882,3097,BEVERAGES
1463883,676,BEVERAGES
1463885,19709,BEVERAGES
1463886,1741,BEVERAGES
1463887,4230,BEVERAGES
1463888,2661,BEVERAGES
1463896,10663,BEVERAGES
1463897,6561,BEVERAGES
1463898,6213,BEVERAGES
1463899,7251,BEVERAGES
1463900,2291,BEVERAGES
1463914,2686,BEVERAGES
1463934,391,BEVERAGES
1463935,2810,BEVERAGES
1463936,1945,BEVERAGES
1463992,73348,BEVERAGES
1463993,47799,BEVERAGES
1463994,14183,BEVERAGES
1463995,2912,BEVERAGES
1463998,6740,BEVERAGES
1464002,5346,BEVERAGES
1464005,14482,BEVERAGES
1464008,1837,BEVERAGES
1464010,4237,BEVERAGES
1464025,7343,BEVERAGES
1464027,3097,BEVERAGES
1464028,1468,BEVERAGES
1464029,2999,BEVERAGES
1464031,1202,BEVERAGES
1464034,6670,BEVERAGES
1464035,1735,BEVERAGES
1464038,3814,BEVERAGES
1464039,2168,BEVERAGES
1464041,3335,BEVERAGES
1464042,3759,BEVERAGES
1464043,3314,BEVERAGES
1464045,7036,BEVERAGES
1464063,1781,BEVERAGES
1464065,2179,BEVERAGES
1464066,1461,BEVERAGES
1464070,8175,BEVERAGES
1464071,2929,BEVERAGES
1464072,2274,BEVERAGES
1464073,2638,BEVERAGES
1464074,2926,BEVERAGES
1464076,4885,BEVERAGES
1464077,1736,BEVERAGES
1464079,1351,BEVERAGES
1464081,3794,BEVERAGES
1464082,2795,BEVERAGES
1464086,38086,BEVERAGES
1464087,10367,BEVERAGES
1464088,18954,BEVERAGES
1464090,1315,BEVERAGES
1464091,3755,BEVERAGES
1464092,5967,BEVERAGES
1464093,6982,BEVERAGES
1464094,2946,BEVERAGES
1464095,1805,BEVERAGES
1464097,3081,BEVERAGES
1464099,1635,BEVERAGES
1464133,950,BEVERAGES
1464134,817,BEVERAGES
1464137,2221,BEVERAGES
1464153,1672,BEVERAGES
1464177,367,BEVERAGES
1464186,2889,BEVERAGES
1464188,1772,BEVERAGES
1464192,1844,BEVERAGES
1464194,1350,BEVERAGES
1464196,1117,BEVERAGES
1464198,1484,BEVERAGES
1464201,2007,BEVERAGES
1464205,1351,BEVERAGES
1464207,11798,BEVERAGES
1464208,4501,BEVERAGES
1464209,2483,BEVERAGES
1464210,9996,BEVERAGES
1464217,11463,BEVERAGES
1464218,10730,BEVERAGES
1464237,10772,BEVERAGES
1464238,11963,BEVERAGES
1464239,8352,BEVERAGES
1464240,11173,BEVERAGES
1464241,9980,BEVERAGES
1464246,650,BEVERAGES
1464256,471,BEVERAGES
1464257,960,BEVERAGES
1464258,700,BEVERAGES
1464302,447,BEVERAGES
1464309,1953,BEVERAGES
1464312,5106,BEVERAGES
1464469,68,GROCERY I
1464907,4062,BEVERAGES
1464910,1677,BEVERAGES
1464919,1899,BEVERAGES
1464941,4335,BEVERAGES
1465130,3567,BEVERAGES
1465644,260,LINGERIE
1466039,209,BEVERAGES
1466047,1913,BEVERAGES
1466049,1937,BEVERAGES
1466077,2988,BEVERAGES
1466281,2369,DAIRY
1466286,3310,PREPARED FOODS
1466288,1806,DAIRY
1466819,362,CLEANING
1466826,1071,GROCERY I
1466827,1530,GROCERY I
1466830,1559,HOME CARE
1466832,2115,HOME CARE
1466833,1609,HOME CARE
1466835,1643,HOME CARE
1466836,1326,HOME CARE
1467082,1763,PREPARED FOODS
1471143,104,GROCERY I
1471460,2032,DAIRY
1471461,1546,DAIRY
1471462,1403,DAIRY
1471722,711,PET SUPPLIES
1471903,359,PET SUPPLIES
1471911,473,PET SUPPLIES
1471912,1087,PET SUPPLIES
1471913,527,PET SUPPLIES
1471916,219,PET SUPPLIES
1471956,805,BEAUTY
1472433,1103,GROCERY I
1472451,306,PERSONAL CARE
1472453,904,PERSONAL CARE
1472479,266,PET SUPPLIES
1472484,717,PET SUPPLIES
1472485,249,PET SUPPLIES
1472487,377,PET SUPPLIES
1472489,241,PET SUPPLIES
1473393,24035.8087,PRODUCE
1473394,21452.0505,PRODUCE
1473396,4129.2107,PRODUCE
1473401,4691.9431,PRODUCE
1473402,2661.1391,PRODUCE
1473403,22006.9084,PRODUCE
1473404,25240,PRODUCE
1473405,4263,PRODUCE
1473406,14531,PRODUCE
1473409,5877.9064,PRODUCE
1473410,34248.9823,PRODUCE
1473411,1621.5864,PRODUCE
1473412,11669.9787,PRODUCE
1473413,5918.3207,PRODUCE
1473414,5996.4165,PRODUCE
1473415,5370,PRODUCE
1473425,7018.7813,PRODUCE
1473427,8250.00510000001,PRODUCE
1473428,22183.3122,PRODUCE
1473474,81891.9942000001,PRODUCE
1473475,10671.219,PRODUCE
1473476,8747.1149,PRODUCE
1473477,11005.0979,PRODUCE
1473478,23311.1398,PRODUCE
1473479,19701.5194,PRODUCE
1473480,4302.8911,PRODUCE
1473481,2388.3368,PRODUCE
1473482,29791.5192,PRODUCE
1473483,5024.77620000001,PRODUCE
1473484,3340.3701,PRODUCE
1473485,4626.0063,PRODUCE
1473486,4075.3664,PRODUCE
1473487,2812,PRODUCE
1473488,7801.095,PRODUCE
1473489,4379.0549,PRODUCE
1473499,2427.9153,PRODUCE
1473500,2860.4743,PRODUCE
1473509,2925.1772,PRODUCE
1473511,5789.9517,PRODUCE
1473513,2039.3945,PRODUCE
1489660,2264.01,PRODUCE
1489662,3834,PRODUCE
1489691,3138,PRODUCE
1489694,6155.70929999999,PRODUCE
1489741,3643.7459,PRODUCE
1489833,5790,PRODUCE
1489835,9305,PRODUCE
1489836,10280,PRODUCE
1489837,9939,PRODUCE
1489838,3021,PRODUCE
1489850,9152.3795,PRODUCE
1489853,2288,PRODUCE
1489868,3024,PRODUCE
1489869,2977,PRODUCE
1489870,3055,PRODUCE
1489871,2831,PRODUCE
1489872,1730,PRODUCE
1489873,1877,PRODUCE
1489879,7306,PRODUCE
1489880,3686,PRODUCE
1489881,4068,PRODUCE
1489882,11732,PRODUCE
1489886,2330,PRODUCE
1489890,1742,PRODUCE
1489895,3747,PRODUCE
1489897,3087,PRODUCE
1489899,8793,PRODUCE
1489900,2390,PRODUCE
1489908,6102.8519,PRODUCE
1490588,153,BABY CARE
1492315,3178,PRODUCE
1501508,12191.6204,PRODUCE
1501520,2765,PRODUCE
1501521,3722,PRODUCE
1501524,7843,PRODUCE
1501525,3769.0947,PRODUCE
1501536,1801.773,PRODUCE
1501541,2729,PRODUCE
1501544,1640,PRODUCE
1501547,1743,PRODUCE
1501559,2157,PRODUCE
1501570,11763,PRODUCE
1501579,3290,PRODUCE
1501581,7040,PRODUCE
1502383,8682,PRODUCE
1502391,10507.263,PRODUCE
1502392,23650.3431,PRODUCE
1503117,445,SCHOOL AND OFFICE SUPPLIES
1503823,2703.2388,PRODUCE
1503844,101179.8904,PRODUCE
1503847,30589.985,PRODUCE
1503854,2356,PRODUCE
1503855,11476.1306,PRODUCE
1503891,6214,PRODUCE
1503899,6722,PRODUCE
1507720,2007,PRODUCE
1532032,683,PLAYERS AND ELECTRONICS
1532033,626,PLAYERS AND ELECTRONICS
1532035,590,PLAYERS AND ELECTRONICS
1533184,3305,PRODUCE
1533338,460,CELEBRATION
1533357,422,CELEBRATION
1533358,372,CELEBRATION
1533364,223,CELEBRATION
1533365,305,CELEBRATION
1550461,5275.389,PRODUCE
1575223,96,PLAYERS AND ELECTRONICS
1575231,349,PLAYERS AND ELECTRONICS
1575235,1356,PLAYERS AND ELECTRONICS
1575237,793,PLAYERS AND ELECTRONICS
1575239,805,PLAYERS AND ELECTRONICS
1575240,813,PLAYERS AND ELECTRONICS
1575245,748,PLAYERS AND ELECTRONICS
1575246,742,PLAYERS AND ELECTRONICS
1575249,1221,PLAYERS AND ELECTRONICS
1575252,94,PLAYERS AND ELECTRONICS
1576262,1112,CELEBRATION
1576263,692,CELEBRATION
1576265,311,CELEBRATION
1576285,475,CELEBRATION
1576312,530,CELEBRATION
1576313,319,CELEBRATION
1576314,269,CELEBRATION
1576315,228,CELEBRATION
1576316,242,CELEBRATION
1576317,249,CELEBRATION
1576318,173,CELEBRATION
1576321,554,CELEBRATION
1576322,265,CELEBRATION
1576323,803,CELEBRATION
1576324,634,CELEBRATION
1576325,463,CELEBRATION
1576326,429,CELEBRATION
1576327,391,CELEBRATION
1576328,312,CELEBRATION
1576329,308,CELEBRATION
1576330,288,CELEBRATION
1576332,717,CELEBRATION
1576589,3852,PRODUCE
1579069,2077,PRODUCE
1579070,3693,PRODUCE
1579081,1555,PRODUCE
1579082,1379,PRODUCE
1583407,165,SCHOOL AND OFFICE SUPPLIES
1583522,226,SCHOOL AND OFFICE SUPPLIES
1583523,213,SCHOOL AND OFFICE SUPPLIES
1583526,296,SCHOOL AND OFFICE SUPPLIES
1583544,399,SCHOOL AND OFFICE SUPPLIES
1584293,628,LADIESWEAR
1584295,826,LADIESWEAR
1584297,433,LADIESWEAR
1584298,492,LADIESWEAR
1584300,1224,LADIESWEAR
1584301,333,LADIESWEAR
1584303,506,LADIESWEAR
1584305,791,LADIESWEAR
1584307,497,LADIESWEAR
1584309,928,LADIESWEAR
1584344,285,LADIESWEAR
1584348,366,LADIESWEAR
1584353,308,LADIESWEAR
1584358,273,LADIESWEAR
1584363,334,LADIESWEAR
1584365,458,LADIESWEAR
1584369,532,LADIESWEAR
1584374,463,LADIESWEAR
1584379,481,LADIESWEAR
1584390,308,LADIESWEAR
1584399,370,LADIESWEAR
1584574,6529,PRODUCE
1584575,24162,PRODUCE
1584576,19488,PRODUCE
1585782,7329,PRODUCE
1588319,2121,PRODUCE
1609719,2777,PRODUCE
1609724,4182,PRODUCE
1609729,3927,PRODUCE
1609730,1906,PRODUCE
1609836,2637,PRODUCE
1621528,3110,PRODUCE
1621529,2827,PRODUCE
1625605,21795.6692,PRODUCE
1639937,125,SCHOOL AND OFFICE SUPPLIES
1642397,3135.443,PRODUCE
1642398,4171.109,PRODUCE
1642399,31540.348,PRODUCE
1642400,15928.174,PRODUCE
1642401,3808,PRODUCE
1642664,7497.2089,PRODUCE
1658994,3728,PRODUCE
1660186,1357,PRODUCE
1660188,4648,PRODUCE
1660191,2207,PRODUCE
1660193,1098,PRODUCE
1660194,1276,PRODUCE
1660239,3817,PRODUCE
1660260,3635,PRODUCE
1660261,3130,PRODUCE
1660271,9670,PRODUCE
1660272,3643,PRODUCE
1662320,3375,PRODUCE
1672580,4903,PRODUCE
1672581,6728.8454,PRODUCE
1673264,132,SCHOOL AND OFFICE SUPPLIES
1673295,3577,PRODUCE
1673297,5175,PRODUCE
1686635,1710,PRODUCE
1686637,14950,PRODUCE
1686641,7405,PRODUCE
1686644,1127,PRODUCE
1686650,5413,PRODUCE
1686652,3467,PRODUCE
1686656,23392,PRODUCE
1686663,1269,PRODUCE
1686664,10933,PRODUCE
1686665,1917,PRODUCE
1686668,4328,PRODUCE
1686685,2706,PRODUCE
1689854,8439,PRODUCE
1689920,1555.8344,PRODUCE
1689921,3156.9782,PRODUCE
1689929,2363,PRODUCE
1693644,5283,PRODUCE
1693645,3228,PRODUCE
1693647,7029,PRODUCE
1693648,28329.3956,PRODUCE
1693652,11039,PRODUCE
1693653,5555,PRODUCE
1693656,20481,PRODUCE
1693657,14000,PRODUCE
1695813,3325,PREPARED FOODS
1695815,4243,PRODUCE
1695816,1954,PRODUCE
1695820,6165,PRODUCE
1695823,16662,PRODUCE
1695825,5615.7499,PRODUCE
1695828,15354.3961,PRODUCE
1695830,12459.7405,PRODUCE
1695831,4546.993,PRODUCE
1695835,45324.4453,PRODUCE
1695836,13794.388,PRODUCE
1695837,6811.513,PRODUCE
1695840,3457,PRODUCE
1695841,2629.1926,PRODUCE
1695844,4340,PRODUCE
1695845,18941,PRODUCE
1695846,1751.4032,PRODUCE
1695847,2238.354,PRODUCE
1695848,3090.5355,PRODUCE
1695860,794.679800000001,PRODUCE
1695865,1527.5744,PRODUCE
1695872,3254,PRODUCE
1695873,7700,PRODUCE
1695874,6412,PRODUCE
1695875,10966,PRODUCE
1695879,1553.2725,PRODUCE
1695882,5685.9725,PRODUCE
1695886,1521.824,PRODUCE
1695887,7131.9589,PRODUCE
1695888,1563.3883,PRODUCE
1695900,8834.0565,PRODUCE
1695901,2279.499,PRODUCE
1695904,2774.8849,PRODUCE
1695905,3385.798,PRODUCE
1695907,5191.3756,PRODUCE
1695912,2594.101,PRODUCE
1695925,1186.1227,PRODUCE
1695931,9569.729,PRODUCE
1695932,1773.0087,PRODUCE
1695935,9224.6705,PRODUCE
1695936,1678.1558,PRODUCE
1695940,2850.0256,PRODUCE
1695950,12728.9095,PRODUCE
1695956,2738.7649,PRODUCE
1695959,3834.1456,PRODUCE
1695961,7259.6953,PRODUCE
1695964,1000.37,PRODUCE
1695965,2426.362,PRODUCE
1695966,4384.115,PRODUCE
1695971,7844.968,PRODUCE
1695972,10205.5105,PRODUCE
1695978,2564.9996,PRODUCE
1695979,1302.1428,PRODUCE
1695983,1092,PRODUCE
1695984,3304.754,PRODUCE
1695989,2569,PRODUCE
1695991,5949,PRODUCE
1695994,849.4876,PRODUCE
1695995,2805.9804,PRODUCE
1695999,16426.2739,PRODUCE
1696003,8056.0142,PRODUCE
1696007,19043.6111,PRODUCE
1696008,3744.061,PRODUCE
1696013,7251.8736,PRODUCE
1696014,4851,PRODUCE
1696015,3861,PRODUCE
1696020,3738,PRODUCE
1696021,2370,PRODUCE
1696022,4812,PRODUCE
1696023,2697,PRODUCE
1696025,2096,PRODUCE
1696026,3899,PRODUCE
1696029,1933.995,PRODUCE
1696036,6723,PRODUCE
1696038,2362.3123,PRODUCE
1696039,2889.347,PRODUCE
1696041,11454,PRODUCE
1696042,2132.5048,PRODUCE
1696044,2354.0817,PRODUCE
1696046,8904.2317,PRODUCE
1696047,1393.7667,PRODUCE
1696051,9520,PRODUCE
1696052,10924,PRODUCE
1707160,4363.0186,PRODUCE
1709252,2767,PRODUCE
1711747,3754,PRODUCE
1717057,4414,PRODUCE
1717134,227,CELEBRATION
1717181,2896,PRODUCE
1717269,392,SCHOOL AND OFFICE SUPPLIES
1717271,142,SCHOOL AND OFFICE SUPPLIES
1717640,1823,PRODUCE
1717663,2166.4961,PRODUCE
1718310,3699,PRODUCE
1718319,1865,PRODUCE
1719236,6025,PRODUCE
1719504,2176.1347,PRODUCE
1726000,3825,PRODUCE
1726002,2130.9319,PRODUCE
1726009,5208,PRODUCE
1726956,3321,PRODUCE
1730015,860,SCHOOL AND OFFICE SUPPLIES
1741423,2508,PRODUCE
1751174,23965.7371,PRODUCE
1751175,9142.11579999999,PRODUCE
1751176,14307.7018,PRODUCE
1765164,227,CELEBRATION
1898959,3773,BEVERAGES
1898960,4255,BEVERAGES
1898961,3114,BEVERAGES
1898998,67,GROCERY I
1899450,1731,GROCERY I
1900715,1826,PERSONAL CARE
1903391,382,HARDWARE
1903428,376,AUTOMOTIVE
1903432,191,AUTOMOTIVE
1903500,1928.39,MEATS
1903501,1235.71,MEATS
1903717,144,SCHOOL AND OFFICE SUPPLIES
1904678,2140,BEVERAGES
1905638,1041,GROCERY I
1905639,618,GROCERY I
1905800,116,PERSONAL CARE
1906099,2195,PRODUCE
1906100,2269,PRODUCE
1906821,113,GROCERY I
1908028,4363,PRODUCE
1908340,279,HOME CARE
1909408,1133,CLEANING
1909409,1470,CLEANING
1909411,2350,HOME CARE
1909412,1388,HOME CARE
1909453,262,HOME AND KITCHEN II
1909482,125,HOME AND KITCHEN II
1909483,343,HOME AND KITCHEN II
1909699,1540,GROCERY I
1909708,108,GROCERY I
1909724,704,HOME AND KITCHEN I
1909729,167,HOME AND KITCHEN II
1909748,136,HOME AND KITCHEN I
1909752,5658,BEVERAGES
1909754,429,HOME AND KITCHEN II
1909755,533,HOME AND KITCHEN II
1909770,346,HOME AND KITCHEN II
1909901,178,HOME AND KITCHEN II
1910055,1305,GROCERY I
1910611,2250,DAIRY
1911102,296,GROCERY I
1911336,67,BEAUTY
1912671,237,GROCERY I
1913055,84,PERSONAL CARE
1913230,1379,CLEANING
1913236,5283,BEVERAGES
1913257,6219,CLEANING
1913258,2809,CLEANING
1913462,13534,PRODUCE
1913463,5984,PRODUCE
1913464,7592,PRODUCE
1913595,1159,PERSONAL CARE
1913596,1053,PERSONAL CARE
1913599,1237,PERSONAL CARE
1913600,1201,PERSONAL CARE
1913604,688,PERSONAL CARE
1913813,145,GROCERY I
1914276,1100,GROCERY I
1914277,3931,BEVERAGES
1914278,2076,BEVERAGES
1914279,3609,BEVERAGES
1914280,2871,BEVERAGES
1914367,107,GROCERY I
1914503,83,HOME CARE
1914782,1270,DAIRY
1914786,2097,BEVERAGES
1915000,149,PERSONAL CARE
1915036,1427,HOME CARE
1915102,124,GROCERY I
1916165,1342,PRODUCE
1916208,796,GROCERY I
1916209,1150,GROCERY I
1916577,5992,BREAD/BAKERY
1916578,1386,BREAD/BAKERY
1916579,1185,BREAD/BAKERY
1917879,1669,BEVERAGES
1918621,570,BEVERAGES
1919674,15,PERSONAL CARE
1919795,2874,DAIRY
1919933,3752,GROCERY I
1919935,2440,GROCERY I
1919937,1579,GROCERY I
1919977,476,GROCERY I
1920016,1251,GROCERY I
1920035,1846,GROCERY I
1920045,5624,GROCERY I
1920046,1602,GROCERY I
1920057,5279,GROCERY I
1920059,4260,GROCERY I
1920067,1150,GROCERY I
1920069,1017,GROCERY I
1920071,2777,GROCERY I
1920072,1547,GROCERY I
1920080,7434,GROCERY I
1920084,5985,GROCERY I
1920095,1244,GROCERY I
1920096,1550,GROCERY I
1920107,1243,GROCERY I
1920117,2101,GROCERY I
1920141,1436,GROCERY I
1920145,2588,GROCERY I
1920284,1863,PERSONAL CARE
1920863,63,GROCERY I
1921769,987,DELI
1921770,686,DELI
1922657,2701,PERSONAL CARE
1923218,229,GROCERY I
1924591,798,PERSONAL CARE
1924661,1000,CLEANING
1924662,1987,CLEANING
1926105,1104,BEVERAGES
1926106,1084,BEVERAGES
1926107,726,BEVERAGES
1926217,20178,PRODUCE
1929795,2486,GROCERY I
1929797,4085,GROCERY I
1930065,1127,GROCERY I
1930967,4175,GROCERY I
1931046,172,PET SUPPLIES
1931047,202,PET SUPPLIES
1931079,217,PET SUPPLIES
1932491,3284,BEVERAGES
1932492,2352,BEVERAGES
1932493,3212,BEVERAGES
1932980,2919,BREAD/BAKERY
1933240,1085,GROCERY I
1935388,384,BEAUTY
1935459,46,PERSONAL CARE
1935465,57,BEAUTY
1935601,1425,GROCERY I
1936173,2903,GROCERY I
1936510,246,GROCERY I
1936589,3964,GROCERY I
1936629,3386,GROCERY I
1936647,982,FROZEN FOODS
1936771,719,PRODUCE
1936931,2017,BEVERAGES
1937039,2633,BEVERAGES
1937083,448,BEVERAGES
1937350,1000,GROCERY I
1937443,1384,GROCERY I
1937454,2245,BEVERAGES
1937608,3695,GROCERY I
1937611,3135,GROCERY I
1937662,3828,GROCERY I
1938021,109,PERSONAL CARE
1938490,1124,BEVERAGES
1938600,861,BEVERAGES
1939144,2286,HOME CARE
1939221,947,BEVERAGES
1939239,27,"LIQUOR,WINE,BEER"
1939383,1221,BEVERAGES
1939424,1968,BEVERAGES
1939531,2056,BEVERAGES
1940026,1925,DELI
1940454,842,BREAD/BAKERY
1940466,662,BREAD/BAKERY
1942510,1200,BEVERAGES
1943149,744,CLEANING
1943435,1674,BEVERAGES
1943792,4443,BEVERAGES
1944334,1592.109,POULTRY
1944828,2824.631,POULTRY
1944889,155,BEVERAGES
1944899,801,BEVERAGES
1945572,600,PRODUCE
1945851,2477,PRODUCE
1945991,2966,PRODUCE
1946155,2920,DELI
1946311,110,GROCERY I
1946325,155,GROCERY I
1946668,134,GROCERY I
1948161,1348,DELI
1948220,131,HOME AND KITCHEN II
1948305,28,GROCERY I
1948372,298,"LIQUOR,WINE,BEER"
1948448,4064,BEVERAGES
1948483,3992,BEVERAGES
1948550,1292,DAIRY
1948632,1031,GROCERY I
1949662,792,BEVERAGES
1949872,250,GROCERY I
1949898,2580,GROCERY I
1950029,1598,PRODUCE
1950170,116,BEVERAGES
1950263,107,GROCERY I
1950301,729,MAGAZINES
1950405,127,BEVERAGES
1950658,975,GROCERY I
1950703,162,CLEANING
1950890,688,GROCERY I
1951039,2050,BEVERAGES
1951042,700,BEVERAGES
1954510,690,GROCERY I
1954663,7149.153,PRODUCE
1954748,121,HOME AND KITCHEN I
1954766,81,HOME AND KITCHEN I
1954771,180,GROCERY II
1955347,25,GROCERY I
1956004,937,GROCERY I
1956062,39,CLEANING
1956354,2783,HOME CARE
1956479,1131,GROCERY I
1956622,42,GROCERY I
1957078,1478,DAIRY
1957773,120,GROCERY I
1958166,5018,BEVERAGES
1958171,2644,BEVERAGES
1958175,166,BEVERAGES
1958177,3870,BEVERAGES
1958179,935,BEVERAGES
1958181,11504,BEVERAGES
1958185,2657,BEVERAGES
1958186,5664,BEVERAGES
1958187,2695,BEVERAGES
1958189,2991,BEVERAGES
1958191,1039,BEVERAGES
1958193,1571,BEVERAGES
1958200,2266,BEVERAGES
1958201,3346,BEVERAGES
1958202,1980,BEVERAGES
1958210,1390,BEVERAGES
1958216,17870,BEVERAGES
1958217,1418,BEVERAGES
1958218,2052,BEVERAGES
1958219,943,BEVERAGES
1958223,820,BEVERAGES
1958226,1087,BEVERAGES
1958231,2128,BEVERAGES
1958238,2553,BEVERAGES
1958245,4894,BEVERAGES
1958249,1944,BEVERAGES
1958252,2946,BEVERAGES
1958262,579,GROCERY I
1958268,718,GROCERY I
1958713,924,BREAD/BAKERY
1959817,2763,CLEANING
1960256,63,BEVERAGES
1960304,907,GROCERY I
1960591,1755,PRODUCE
1960613,2360,PRODUCE
1960691,1266,PRODUCE
1960765,1661,PRODUCE
1960806,1456,PRODUCE
1960892,9394,PRODUCE
1960944,3925,PRODUCE
1961065,826,PRODUCE
1961112,1841.38,PRODUCE
1961161,1867,PRODUCE
1961293,870,PRODUCE
1961595,1426,GROCERY I
1961606,31,CLEANING
1962621,17949,BEVERAGES
1962694,59,PERSONAL CARE
1962824,1007,DAIRY
1963265,6236,DAIRY
1963277,16015,DAIRY
1963324,123,PLAYERS AND ELECTRONICS
1963330,196,PLAYERS AND ELECTRONICS
1963348,163,PLAYERS AND ELECTRONICS
1963363,177,PLAYERS AND ELECTRONICS
1963404,185,CELEBRATION
1963459,320,CELEBRATION
1963540,1701,GROCERY I
1963561,725,CLEANING
1963591,552,CLEANING
1963606,1960,PERSONAL CARE
1963684,143,HOME AND KITCHEN I
1963740,3205,BREAD/BAKERY
1963752,279,HOME AND KITCHEN I
1963811,1980,GROCERY I
1963838,1115,CLEANING
1963892,5302,GROCERY I
1963919,54,GROCERY I
1964111,1696,PRODUCE
1964356,1078,DAIRY
1964738,2727,BEVERAGES
1964739,3400,BEVERAGES
1964804,2109,BEVERAGES
1964810,3173,BEVERAGES
1964850,3372,BEVERAGES
1965074,888,CLEANING
1965343,18,GROCERY I
1965358,184,BEAUTY
1965367,52,BEVERAGES
1965425,135,PERSONAL CARE
1965457,30,GROCERY I
1965539,214,CLEANING
1965732,1720,CLEANING
1965853,4266,GROCERY I
1965878,2426,GROCERY I
1965978,2139,GROCERY I
1966167,976,BEVERAGES
1966629,1596,PRODUCE
1966995,1285,BEVERAGES
1967038,1696,GROCERY I
1967150,1396,GROCERY I
1967566,2353,GROCERY I
1967642,2048,GROCERY I
1967660,1912,GROCERY I
1967914,1747,GROCERY I
1968073,150,GROCERY I
1968167,1241,DAIRY
1968318,855,DAIRY
1968368,4475,DAIRY
1968390,4702,DAIRY
1968452,3918,DAIRY
1968666,863,PERSONAL CARE
1968938,2569,CLEANING
1969477,162,AUTOMOTIVE
1969485,237,AUTOMOTIVE
1969675,93,GROCERY I
1969863,218,AUTOMOTIVE
1969899,192,AUTOMOTIVE
1969929,860,GROCERY I
1970094,156,AUTOMOTIVE
1970207,283,GROCERY I
1970428,2071,GROCERY I
1970831,730,PERSONAL CARE
1971255,3317,BEVERAGES
1971317,3471,BEVERAGES
1971328,832,DAIRY
1971338,1969,DAIRY
1971365,873,BEVERAGES
1971373,731,DAIRY
1971394,1028,DAIRY
1971423,792,BEVERAGES
1971436,3808,DAIRY
1971461,713,DAIRY
1971730,250,HOME AND KITCHEN I
1971792,245,HOME AND KITCHEN I
1972039,177,HOME AND KITCHEN I
1972138,254,HOME AND KITCHEN I
1972227,261,HOME AND KITCHEN I
1972316,154,HOME AND KITCHEN I
1972443,225,HOME AND KITCHEN I
1972462,200,HOME AND KITCHEN I
1972587,216,HOME AND KITCHEN I
1972601,116,HOME AND KITCHEN I
1972673,185,HOME AND KITCHEN I
1972737,223,HOME AND KITCHEN I
1972763,162,HOME AND KITCHEN I
1972782,147,HOME AND KITCHEN I
1972822,194,HOME AND KITCHEN I
1973454,1138,BREAD/BAKERY
1973543,533,BREAD/BAKERY
1973587,521,BREAD/BAKERY
1973606,1061,GROCERY I
1973919,1737,BEVERAGES
1974834,655,BEVERAGES
1974848,998,EGGS
1974921,851,BEVERAGES
1974931,14,GROCERY I
1975439,2545,GROCERY I
1975468,115,GROCERY I
1975512,1627,GROCERY I
1975514,973,GROCERY I
1975527,766,GROCERY I
1975558,1906,GROCERY I
1975562,1670,GROCERY I
1975571,1297,GROCERY I
1975578,1525,GROCERY I
1975584,313,GROCERY I
1975598,1074,GROCERY I
1975602,56,GROCERY I
1975649,1681,GROCERY I
1975680,1693,GROCERY I
1975686,1529,GROCERY I
1975715,3053,GROCERY I
1976186,507,BEVERAGES
1976260,3361,BEVERAGES
1976342,1797,GROCERY I
1976349,130,"LIQUOR,WINE,BEER"
1976710,939,BEVERAGES
1977218,625,GROCERY I
1977420,985,PERSONAL CARE
1977486,56,BEVERAGES
1977887,1956,DAIRY
1977901,1926,DAIRY
1977997,1207,DAIRY
1978835,8042,BREAD/BAKERY
1979200,81,GROCERY I
1979268,2451,BEVERAGES
1980485,629,BEVERAGES
1980532,327,BEVERAGES
1980590,903,CLEANING
1980702,673,BEVERAGES
1980754,1099,BEVERAGES
1980755,1965,BEVERAGES
1980816,22,GROCERY I
1981370,1967,GROCERY I
1981470,969,DAIRY
1981607,4721,GROCERY I
1981836,501,PERSONAL CARE
1981900,2108,PERSONAL CARE
1982059,38,GROCERY I
1985099,39,PERSONAL CARE
1986436,57,HOME CARE
1986500,1126,HOME CARE
1986524,1514,PRODUCE
1986603,775,PRODUCE
1986627,1489,HOME CARE
1986680,227,BEVERAGES
1986760,951,HOME CARE
1986825,1418,HOME CARE
1987120,1409,GROCERY I
1987152,1414,GROCERY I
1987263,510,GROCERY I
1987383,3638,GROCERY I
1987464,48,HOME CARE
1987653,1077,DAIRY
1987709,5190,GROCERY I
1987893,238,CLEANING
1988256,512,DAIRY
1988377,180,HOME AND KITCHEN I
1988467,56,CLEANING
1988754,2063,PRODUCE
1988902,128,GROCERY I
1988975,236,HOME AND KITCHEN I
1989346,212,GROCERY I
1989798,1403,BREAD/BAKERY
1990061,1002,BEVERAGES
1990194,1038,DELI
1990453,683,BEVERAGES
1990578,779.215,PRODUCE
1990612,953,BEVERAGES
1990640,750,BEVERAGES
1990673,1826.379,PRODUCE
1990742,2399,DELI
1990768,384,BEVERAGES
1990881,1322,BEVERAGES
1991041,1638,HOME CARE
1991097,116,HOME AND KITCHEN I
1991151,2224,GROCERY I
1991217,1049,GROCERY I
1991561,15,GROCERY I
1992672,1874,GROCERY I
1992914,4737,CLEANING
1993077,1003,GROCERY I
1993091,638,CLEANING
1993195,979,GROCERY I
1993337,612,BEVERAGES
1993601,960,"LIQUOR,WINE,BEER"
1993625,4,HOME AND KITCHEN I
1993879,79,BEVERAGES
1994369,1180.19,POULTRY
1994863,702,GROCERY I
1994926,508,GROCERY I
1994941,45,GROCERY I
1997322,37,GROCERY I
1997781,246,CLEANING
1997895,95,BEVERAGES
1997976,526,GROCERY I
1998005,3563,BREAD/BAKERY
1998078,886,GROCERY I
1998889,746,BEVERAGES
1998945,608,HOME CARE
1999114,1025,GROCERY I
1999775,540,CLEANING
1999969,595,BEVERAGES
2000482,2167,BEVERAGES
2000873,515,MAGAZINES
2001183,584,CLEANING
2001209,1417,CLEANING
2001632,1095,GROCERY I
2002043,1525,MAGAZINES
2002136,1470,DAIRY
2002166,2299,DAIRY
2002282,35,"LIQUOR,WINE,BEER"
2002412,782,GROCERY I
2002445,1018,PERSONAL CARE
2002465,2148,CLEANING
2002469,854,GROCERY I
2002703,667,GROCERY I
2002963,771,GROCERY I
2003375,103,GROCERY I
2003389,454,GROCERY I
2003392,165,HOME AND KITCHEN I
2003409,611,GROCERY I
2003709,2264,BEVERAGES
2004673,28,CLEANING
2004694,918,BEVERAGES
2004738,95,CLEANING
2004754,100,GROCERY I
2005047,1019,BEVERAGES
2005057,402,GROCERY I
2005060,25,"LIQUOR,WINE,BEER"
2005083,610,BEVERAGES
2005102,122,HOME AND KITCHEN I
2005143,1402,BEVERAGES
2005274,1260,BEVERAGES
2005298,866,BEVERAGES
2005335,114,GROCERY I
2005384,932,BEVERAGES
2005613,751,GROCERY I
2005731,43,CLEANING
2005844,595,HOME AND KITCHEN II
2005877,902,GROCERY I
2005984,1817,GROCERY I
2006047,464,HOME CARE
2006089,165,GROCERY I
2006144,108,HOME AND KITCHEN II
2006310,519,GROCERY I
2006614,1313,BEVERAGES
2006630,65,GROCERY I
2006779,502,BEVERAGES
2006810,520,BEVERAGES
2006812,8968,BEVERAGES
2006928,2384,BEVERAGES
2007088,938,DAIRY
2007114,74,PERSONAL CARE
2007117,2456,DAIRY
2007133,930,DAIRY
2007186,1746,DAIRY
2007250,670,DAIRY
2007265,381,MAGAZINES
2007505,19,CLEANING
2008518,882,BEVERAGES
2008562,765,CLEANING
2008567,16,PERSONAL CARE
2008571,1642,BEVERAGES
2008589,51,CLEANING
2008747,844,BEVERAGES
2009639,529,DAIRY
2009827,981,GROCERY I
2010049,1335,BEVERAGES
2010082,57,GROCERY I
2010125,76,GROCERY I
2010127,1183,GROCERY I
2010192,1353,GROCERY I
2010216,1825,GROCERY I
2010233,1483,GROCERY I
2010235,2709.364,FROZEN FOODS
2010260,2276,GROCERY I
2010269,2445,GROCERY I
2010278,2017,GROCERY I
2010282,190,GROCERY I
2010290,1030,GROCERY I
2010315,405,PERSONAL CARE
2010329,5832,GROCERY I
2010356,1802,GROCERY I
2010359,952,GROCERY I
2010370,1501,GROCERY I
2010379,559,GROCERY I
2010404,1044,GROCERY I
2010419,1848,GROCERY I
2010428,1809,GROCERY I
2010444,13,GROCERY I
2010456,1000,GROCERY I
2010487,124,GROCERY I
2010498,1887,GROCERY I
2010511,7802,GROCERY I
2010519,212,GROCERY I
2010568,6952,GROCERY I
2010574,57,GROCERY I
2010598,508,GROCERY I
2010615,1375,GROCERY I
2010652,2863,GROCERY I
2010667,2323,GROCERY I
2010676,4387,GROCERY I
2010693,1371,GROCERY I
2010702,34,GROCERY I
2010743,1870,GROCERY I
2010755,1062.622,FROZEN FOODS
2010756,1707,GROCERY I
2010762,2278,GROCERY I
2010766,1046,GROCERY I
2010779,1441,GROCERY I
2010786,1309,GROCERY I
2010793,400,GROCERY I
2010837,2009.651,FROZEN FOODS
2010880,1110,GROCERY I
2010885,1376,GROCERY I
2010902,13457,GROCERY I
2010913,354,GROCERY I
2010916,4672,GROCERY I
2010918,3199,GROCERY I
2010945,85,GROCERY I
2010959,1940,GROCERY I
2010964,92,GROCERY I
2010972,952.382,FROZEN FOODS
2010989,1381,GROCERY I
2011008,1390,GROCERY I
2011032,3229.385,FROZEN FOODS
2011054,1404.765,FROZEN FOODS
2011073,9129,GROCERY I
2011080,1020,GROCERY I
2011105,1010,GROCERY I
2011110,1360,GROCERY I
2011114,66,GROCERY I
2011127,125,GROCERY I
2011148,198,GROCERY I
2011153,1567,GROCERY I
2011155,1270,GROCERY I
2011200,1772,GROCERY I
2011208,1140,GROCERY I
2011211,1613,GROCERY I
2011216,37,"LIQUOR,WINE,BEER"
2011218,1153,GROCERY I
2011220,2541,GROCERY I
2011225,1963,GROCERY I
2011243,1340,GROCERY I
2011259,2797,GROCERY I
2011266,1369,GROCERY I
2011328,3448,GROCERY I
2011329,2649,GROCERY I
2011346,39,GROCERY I
2011399,1753,GROCERY I
2011401,835,GROCERY I
2011449,1335,GROCERY I
2011450,15,GROCERY I
2011463,985,GROCERY I
2011471,23,GROCERY I
2011583,448,BEVERAGES
2011872,765,GROCERY I
2011898,31,HOME CARE
2011910,887,GROCERY I
2011927,101,CLEANING
2011934,43,CLEANING
2011938,937,DAIRY
2012385,45,CLEANING
2012410,856,BEVERAGES
2012576,480,GROCERY I
2012591,804,GROCERY I
2012970,74,BEVERAGES
2013086,2849,BEVERAGES
2013309,873,BEVERAGES
2013450,266,BEVERAGES
2013621,1116,GROCERY I
2013632,653,BEVERAGES
2013648,49,"LIQUOR,WINE,BEER"
2013651,2771,GROCERY I
2013674,1275,GROCERY I
2013931,3184,BEVERAGES
2014053,902,BEVERAGES
2014085,974,BEVERAGES
2014089,901,BEVERAGES
2014094,3578,BEVERAGES
2014097,469,BEVERAGES
2014922,48,GROCERY I
2015628,563,GROCERY I
2015815,248,BEVERAGES
2015820,621,GROCERY I
2016322,83,BEVERAGES
2016362,145,GROCERY I
2016407,450,BEVERAGES
2016419,555,BEVERAGES
2016441,31,BEVERAGES
2016619,40,CLEANING
2016642,40,CLEANING
2016716,972,FROZEN FOODS
2016737,876,FROZEN FOODS
2016738,1121,FROZEN FOODS
2016795,23,GROCERY I
2016864,52,GROCERY I
2017079,722,BEVERAGES
2017173,2257,BEVERAGES
2017184,18,BEVERAGES
2017202,681,CLEANING
2017241,524,CLEANING
2017245,1067,DAIRY
2017257,27,PERSONAL CARE
2017343,179,GROCERY I
2017583,95,BOOKS
2018087,16,PERSONAL CARE
2018245,78,PERSONAL CARE
2018273,710,BEVERAGES
2018358,721,BEVERAGES
2018397,1232,BEVERAGES
2018471,932,BEVERAGES
2018612,559,BEVERAGES
2018690,1487,BEVERAGES
2018753,1475,PRODUCE
2019084,1726,GROCERY I
2026256,540,CLEANING
2026304,10,BEVERAGES
2026312,502,GROCERY I
2026369,37,GROCERY I
2026432,333,BEVERAGES
2026444,2447,GROCERY I
2026454,3027,GROCERY I
2026501,2352,GROCERY I
2026597,1217,GROCERY I
2026609,578,GROCERY I
2026631,2679,GROCERY I
2026650,3434,GROCERY I
2026683,1600,GROCERY I
2026801,4605,GROCERY I
2026858,1546,GROCERY I
2026893,1989,GROCERY I
2026945,6850,GROCERY I
2026959,3050,GROCERY I
2026983,8880,GROCERY I
2027090,1126,GROCERY I
2027203,2160,GROCERY I
2027252,2204,GROCERY I
2027559,5881,BEVERAGES
2027649,634,BEVERAGES
2027777,1218,DAIRY
2027809,483,BEVERAGES
2027827,662,DAIRY
2028217,760,BEVERAGES
2028307,623,DAIRY
2028315,892,DAIRY
2028335,667,DAIRY
2028403,761,BEVERAGES
2028404,2114,BEVERAGES
2028435,540,DAIRY
2028696,2190,BEVERAGES
2028754,499,DAIRY
2028810,1885,BEVERAGES
2028898,1482,BEVERAGES
2028983,487,GROCERY I
2029427,736,BEVERAGES
2029457,477,BEVERAGES
2029467,1085,BEVERAGES
2029494,347,BEVERAGES
2029519,746,BEVERAGES
2029543,163,PERSONAL CARE
2030002,326,GROCERY I
2030447,2329.761,POULTRY
2030606,626.441,POULTRY
2030822,906,GROCERY I
2031266,1475,PRODUCE
2031273,2256,PRODUCE
2031309,1058,PRODUCE
2031325,87,GROCERY I
2031378,1903,PRODUCE
2032088,798,PRODUCE
2032488,693,BEVERAGES
2033554,646.353,PRODUCE
2033699,791,DAIRY
2033805,1218,DAIRY
2033992,30,GROCERY I
2034104,1434,DAIRY
2034132,23,"LIQUOR,WINE,BEER"
2034212,576,GROCERY I
2035258,18,GROCERY I
2035293,498,BEVERAGES
2035576,8,"LIQUOR,WINE,BEER"
2035581,886,CLEANING
2035587,680,CLEANING
2036460,681,DELI
2036465,659,DELI
2036574,329,DELI
2036618,510.464,POULTRY
2036676,180,GROCERY I
2037008,788,HOME CARE
2037148,36,PERSONAL CARE
2037269,868,HOME CARE
2037487,2463,PRODUCE
2040614,48,GROCERY I
2040637,693,PRODUCE
2040862,1068,BEVERAGES
2042210,868,PRODUCE
2042314,110,GROCERY I
2042436,6801,BEVERAGES
2042614,90,CLEANING
2042941,15506,BEVERAGES
2042947,15298,BEVERAGES
2043198,279,BEVERAGES
2043261,946,GROCERY I
2043559,76,GROCERY I
2043795,1817,BEVERAGES
2043849,1262,BEVERAGES
2045162,105,PERSONAL CARE
2045280,96,LAWN AND GARDEN
2045360,181,LAWN AND GARDEN
2045373,314,LAWN AND GARDEN
2045493,13,GROCERY I
2045533,81,GROCERY I
2045545,613,BEVERAGES
2045637,82,LAWN AND GARDEN
2045783,168,LAWN AND GARDEN
2045834,86,LAWN AND GARDEN
2045986,91,LAWN AND GARDEN
2046021,124,LAWN AND GARDEN
2046260,62,GROCERY I
2046297,233,LAWN AND GARDEN
2046298,121,LAWN AND GARDEN
2046348,261,LAWN AND GARDEN
2046528,198,LAWN AND GARDEN
2046552,242,LAWN AND GARDEN
2046591,108,LAWN AND GARDEN
2046670,169,LAWN AND GARDEN
2046789,372,LAWN AND GARDEN
2046805,2317,BEVERAGES
2046903,46,CLEANING
2046916,1232,BEVERAGES
2047159,553,"LIQUOR,WINE,BEER"
2047211,794,"LIQUOR,WINE,BEER"
2047495,718,GROCERY I
2047496,517,BEVERAGES
2047506,1648,BEVERAGES
2047508,2264,BEVERAGES
2047752,737,CLEANING
2048113,716,GROCERY I
2048139,1082,GROCERY I
2048141,582,GROCERY I
2048163,922,GROCERY I
2048164,1030,GROCERY I
2048182,705,GROCERY I
2048193,169,GROCERY I
2048242,921,GROCERY I
2048246,429,GROCERY I
2048248,748,GROCERY I
2048271,1231,GROCERY I
2048279,3291,GROCERY I
2048300,1161,GROCERY I
2048313,948,GROCERY I
2048323,621,GROCERY I
2048358,202,PERSONAL CARE
2048362,801,GROCERY I
2048374,605,GROCERY I
2048381,585,GROCERY I
2048399,1880,GROCERY I
2048406,692,GROCERY I
2048421,382,GROCERY I
2048471,512,GROCERY I
2048515,3428,GROCERY I
2048546,1032,GROCERY I
2048596,1399,GROCERY I
2048609,1260,GROCERY I
2048624,2668,GROCERY I
2048633,1185,GROCERY I
2048674,786,GROCERY I
2048874,12,GROCERY II
2048954,8,PERSONAL CARE
2049003,276,LAWN AND GARDEN
2049026,16,PERSONAL CARE
2049037,60,HOME AND KITCHEN I
2049081,607,PRODUCE
2049153,84,HOME AND KITCHEN I
2049304,11,GROCERY I
2049778,4632,BEVERAGES
2051064,362,PERSONAL CARE
2052563,103,GROCERY I
2053415,19,GROCERY I
2053564,20,PERSONAL CARE
2053590,1061,DAIRY
2053610,669,DAIRY
2053614,630,DAIRY
2053630,723,GROCERY II
2053751,230,BEVERAGES
2053874,1157,BEVERAGES
2054101,929,BEVERAGES
2054291,487,BEVERAGES
2054300,21,GROCERY I
2054580,1751,BEVERAGES
2054605,27,"LIQUOR,WINE,BEER"
2054635,911,BEVERAGES
2054903,16,PERSONAL CARE
2056549,664,PREPARED FOODS
2056557,374,GROCERY I
2056764,45,SCHOOL AND OFFICE SUPPLIES
2056876,40,SCHOOL AND OFFICE SUPPLIES
2057033,904,BEVERAGES
2057231,2401.159,PREPARED FOODS
2057387,118,SCHOOL AND OFFICE SUPPLIES
2057442,552,BEVERAGES
2057762,39,GROCERY I
2058362,121,GROCERY I
2058758,1333,BEVERAGES
2058764,384,BEVERAGES
2058895,263,BEVERAGES
2058907,31,BEVERAGES
2059122,59,BEVERAGES
2059277,164,HOME CARE
2059342,518,HOME CARE
2059647,241,HOME CARE
2059799,288,HOME CARE
2060787,468,BEVERAGES
2060793,934,BEVERAGES
2060910,559,BEVERAGES
2061025,823,BEVERAGES
2061033,465,BEVERAGES
2061121,832,BEVERAGES
2061214,706,BEVERAGES
2061404,3351,BEVERAGES
2061781,320,GROCERY I
2062477,42,BEVERAGES
2062912,23,CLEANING
2067056,523,GROCERY I
2067123,57,GROCERY I
2067333,47,GROCERY I
2068536,713,GROCERY I
2072545,408,BEVERAGES
2075733,38,GROCERY I
2076761,95,GROCERY I
2081050,494,PREPARED FOODS
2081056,1638,PREPARED FOODS
2081064,3135,PREPARED FOODS
2081095,928,PREPARED FOODS
2081139,467,PREPARED FOODS
2081142,724,PREPARED FOODS
2081161,915,PREPARED FOODS
2081175,981,PREPARED FOODS
2083837,622,BEVERAGES
2083859,335,BEVERAGES
2084278,115,BEVERAGES
2084557,1147,CLEANING
2084706,65,HOME CARE
2086882,697,DAIRY
2087374,519,DAIRY
2087409,36,BEVERAGES
2087543,511,DAIRY
2087567,411,DAIRY
2087933,177,BEVERAGES
2087978,266,BEVERAGES
2088860,23,GROCERY I
2088922,357,GROCERY I
2088946,11,GROCERY I
2089036,54,GROCERY I
2089224,14,GROCERY I
2089250,39,CLEANING
2089276,24,GROCERY I
2089339,395,GROCERY I
2089789,41,BEAUTY
2090125,46,BEAUTY
2091318,34,BEAUTY
2099230,57,BEAUTY
2101795,185,BEAUTY
2103250,89,BEAUTY
2105347,103,BEAUTY
2106464,958,BEVERAGES
2108569,172,GROCERY I
2108843,25,GROCERY I
2109909,45,GROCERY I
2110456,2247,BEVERAGES
2111684,138,BEVERAGES
2111870,427,PRODUCE
2112404,671,DAIRY
2113343,46,BEVERAGES
2113914,1105,CLEANING
2114566,31,GROCERY I
2114812,24,CLEANING
2116416,189,GROCERY I
2118662,3,GROCERY I
2122188,37,GROCERY I
2123036,5,BEVERAGES
2123410,3,GROCERY I
2123468,5,GROCERY I
2123727,4,GROCERY I
2123775,2,GROCERY I
2123791,4,GROCERY I
2123859,2,"LIQUOR,WINE,BEER"
2124052,25,"LIQUOR,WINE,BEER"
2127114,54,BEVERAGES
